Market,City,y15,y14,y10,y05,y03,,t1yr,t5yr,t10yr,t12yr,,Current,ShortTerm,MidTerm,LongTerm
10020,"Abbeville, LA",#N/A,#N/A,-0.76,-0.74,-0.56,,#N/A,#N/A,#N/A,#N/A,,#N/A,#N/A,#N/A,#N/A
10100,"Aberdeen, SD",-0.34,-0.28,-0.16,-0.49,-0.35,,-0.06,-0.18,0.15,0.01,,-0.87,-1.32,0.17,-0.48
10140,"Aberdeen, WA",-0.37,-0.21,-0.4,-0.46,-0.45,,-0.16,0.03,0.09,0.09,,-1.67,0.02,-0.21,-0.27
10180,"Abilene, TX",0.21,0.31,0.25,1.01,1.19,,-0.1,-0.04,-0.8,-0.98,,-0.63,0.11,-1.64,-1.45
10220,"Ada, OK",-0.8,-0.88,-0.92,-0.97,-0.91,,0.08,0.12,0.17,0.11,,-0.14,-0.07,-0.56,-0.73
10300,"Adrian, MI",-0.28,-0.27,-0.21,-0.17,-0.38,,0,-0.06,-0.11,0.1,,-0.32,-0.58,-0.49,0.06
10420,"Akron, OH",2.02,2.02,1.88,1.14,1.11,,0,0.14,0.88,0.91,,1.97,2.96,3.89,3.39
10460,"Alamogordo, NM",-0.74,-0.6,-0.49,-0.71,-0.58,,-0.14,-0.25,-0.04,-0.17,,-1.92,-2.06,-0.6,-1.14
10500,"Albany, GA",0.05,0.26,0.25,1.06,1.14,,-0.21,-0.21,-1.01,-1.09,,-1.69,-0.92,-2.14,-1.68
10540,"Albany, OR",0.06,-0.02,0.07,-0.07,0,,0.08,-0.01,0.13,0.06,,0.67,-0.03,0.34,0.06
10540,"Albany-Lebanon, OR",0.06,-0.02,0.07,-0.07,0,,0.08,-0.01,0.13,0.06,,0.67,-0.03,0.34,0.06
10580,"Albany-Schenectady-Troy, NY",1.63,1.75,1.86,1.32,1.08,,-0.13,-0.23,0.31,0.54,,0.59,0.41,2.56,2.65
10620,"Albemarle, NC",-0.48,-0.54,-0.52,-0.65,-0.61,,0.06,0.04,0.17,0.13,,0.03,-0.23,-0.15,-0.36
10660,"Albert Lea, MN",-1,-0.79,-0.58,-0.74,-0.87,,-0.2,-0.42,-0.26,-0.13,,-2.65,-3.25,-1.2,-1.08
10700,"Albertville, AL",-0.31,-0.35,-0.33,-0.24,-0.28,,0.05,0.02,-0.07,-0.03,,0.07,-0.15,-0.51,-0.33
10740,"Albuquerque, NM",1.63,1.67,1.67,2.61,2.51,,-0.04,-0.04,-0.97,-0.87,,1.34,1.51,-0.63,0.41
10760,"Alexander City, AL",#N/A,#N/A,-0.93,#N/A,#N/A,,#N/A,#N/A,#N/A,#N/A,,#N/A,#N/A,#N/A,#N/A
10780,"Alexandria, LA",0.22,0.19,0.24,0.73,0.64,,0.03,-0.02,-0.51,-0.42,,0.46,0.15,-0.98,-0.32
10820,"Alexandria, MN",-0.28,-0.5,-0.58,-0.52,-0.51,,0.21,0.29,0.24,0.23,,1.45,1.33,-0.05,0.02
10860,"Alice, TX",-0.94,-0.72,-0.84,-0.86,-1.09,,-0.22,-0.11,-0.09,0.15,,-2.76,-1.31,-1.06,-0.51
10880,"Allegan, MI",#N/A,#N/A,0.06,-0.04,-0.13,,#N/A,#N/A,#N/A,#N/A,,#N/A,#N/A,#N/A,#N/A
10900,"Allentown-Bethlehem-Easton, PA-NJ",1.99,1.68,1.75,1.69,1.37,,0.31,0.24,0.3,0.62,,4.47,3.18,2.41,3.21
10940,"Alma, MI",-0.78,-1.05,-0.83,-1.08,-0.88,,0.27,0.05,0.3,0.1,,1.39,-0.68,-0.16,-0.86
10980,"Alpena, MI",-0.92,-0.9,-0.94,-0.92,-0.91,,-0.02,0.01,0,-0.02,,-1.08,-0.75,-0.97,-0.98
11020,"Altoona, PA",0.05,0.15,0.28,0.3,0.2,,-0.1,-0.23,-0.25,-0.15,,-0.79,-1.19,-0.33,-0.09
11060,"Altus, OK",-1.18,-1.1,-0.91,-1.05,-1.08,,-0.08,-0.28,-0.13,-0.11,,-1.88,-2.71,-1.23,-1.34
11100,"Amarillo, TX",0.76,0.87,0.67,0.74,0.64,,-0.1,0.09,0.02,0.12,,-0.09,1.47,0.69,1.03
11140,"Americus, GA",-1.07,-1.1,-0.99,-0.37,-0.77,,0.03,-0.07,-0.69,-0.29,,-0.81,-1.46,-2.64,-1.12
11180,"Ames, IA",-0.1,-0.08,0.21,-0.1,-0.2,,-0.02,-0.31,0,0.1,,-0.27,-1.85,0.18,0.13
11220,"Amsterdam, NY",-0.65,-0.7,-0.61,-0.97,-0.89,,0.05,-0.04,0.32,0.24,,-0.25,-0.88,0.1,-0.39
11260,"Anchorage, AK",1.3,1.33,1.33,0.47,0.77,,-0.02,-0.03,0.83,0.54,,1.1,1.19,3.25,1.78
11300,"Anderson, IN",#N/A,#N/A,-0.06,-0.1,-0.02,,#N/A,#N/A,#N/A,#N/A,,#N/A,#N/A,#N/A,#N/A
11340,"Anderson, SC",#N/A,#N/A,0.12,0.26,0.2,,#N/A,#N/A,#N/A,#N/A,,#N/A,#N/A,#N/A,#N/A
11380,"Andrews, TX",-1.15,-0.89,-1.08,-1.31,-1.35,,-0.26,-0.07,0.16,0.2,,-3.29,-1.24,-0.75,-0.84
11420,"Angola, IN",-0.51,-0.48,-0.22,-0.55,-0.39,,-0.04,-0.29,0.04,-0.13,,-0.82,-2.14,-0.16,-0.89
11460,"Ann Arbor, MI",1.54,1.31,1.4,1.48,1.69,,0.23,0.14,0.05,-0.15,,3.39,2.22,1.5,1.09
11500,"Anniston-Oxford-Jacksonville, AL",-0.2,-0.24,0,0.01,0.01,,0.04,-0.2,-0.21,-0.21,,0.12,-1.39,-0.52,-0.52
11500,"Anniston-Oxford, AL",-0.2,-0.24,0,0.01,0.01,,0.04,-0.2,-0.21,-0.21,,0.12,-1.39,-0.52,-0.52
11540,"Appleton, WI",0.95,1.03,0.88,1.05,0.8,,-0.09,0.07,-0.1,0.15,,0.23,1.52,0.61,1.4
11580,"Arcadia, FL",-1.17,-1.15,-1.25,-1.08,-0.96,,-0.02,0.08,-0.09,-0.21,,-1.3,-0.57,-1.48,-1.62
11620,"Ardmore, OK",-0.39,-0.49,-0.25,-0.39,-0.2,,0.1,-0.14,0,-0.19,,0.4,-1.28,-0.28,-0.9
11660,"Arkadelphia, AR",-1.22,-1.12,-1.3,-1.34,-1.1,,-0.09,0.08,0.12,-0.12,,-1.99,-0.57,-1.04,-1.65
11700,"Asheville, NC",1.11,1.04,1.1,1.27,1.28,,0.07,0,-0.17,-0.17,,1.63,1.12,0.69,0.82
11740,"Ashland, OH",-0.58,-0.59,-0.63,-0.79,-1.04,,0.01,0.06,0.21,0.47,,-0.47,-0.19,-0.16,0.35
11780,"Ashtabula, OH",-0.21,-0.3,-0.39,-0.31,-0.26,,0.09,0.18,0.11,0.05,,0.51,0.86,-0.16,-0.21
11820,"Astoria, OR",-0.27,-0.2,-0.21,-0.4,-0.5,,-0.07,-0.06,0.13,0.23,,-0.88,-0.51,0.06,0.14
11860,"Atchison, KS",-1.17,-1.16,-1.21,-1.19,-0.96,,-0.01,0.04,0.02,-0.21,,-1.26,-0.87,-1.18,-1.73
11900,"Athens, OH",-0.73,-0.54,-0.43,-0.87,-0.61,,-0.18,-0.3,0.14,-0.12,,-2.23,-2.3,-0.13,-1.2
11940,"Athens, TN",-0.79,-0.87,-0.83,-0.92,-0.92,,0.08,0.03,0.13,0.13,,-0.17,-0.59,-0.55,-0.63
11980,"Athens, TX",-0.57,-0.7,-0.46,-0.59,-0.4,,0.13,-0.11,0.02,-0.17,,0.45,-1.28,-0.44,-1.04
12020,"Athens-Clarke County, GA",0.4,0.33,0.55,0.83,1.21,,0.07,-0.15,-0.43,-0.81,,0.98,-0.53,-0.47,-1.22
12060,"Atlanta-Sandy Springs-Roswell, GA",3.08,3.08,3.12,2.58,2.41,,0,-0.05,0.5,0.66,,3.05,2.86,4.26,4.21
12060,"Atlanta-Sandy Springs-Marietta, GA",3.08,3.08,3.12,2.58,2.41,,0,-0.05,0.5,0.66,,3.05,2.86,4.26,4.21
12100,"Atlantic City-Hammonton, NJ",0.58,0.74,0.69,0.91,0.93,,-0.17,-0.11,-0.33,-0.36,,-0.77,0.12,-0.12,0
12100,"Atlantic City, NJ",0.58,0.74,0.69,0.91,0.93,,-0.17,-0.11,-0.33,-0.36,,-0.77,0.12,-0.12,0
12140,"Auburn, IN",-0.44,-0.65,-0.44,-0.56,-0.6,,0.21,0,0.11,0.16,,1.25,-0.58,-0.2,-0.18
12180,"Auburn, NY",-0.52,-0.48,-0.48,-0.6,-0.61,,-0.04,-0.05,0.07,0.08,,-0.88,-0.7,-0.33,-0.41
12220,"Auburn-Opelika, AL",0.12,0.1,-0.02,-0.01,-0.28,,0.03,0.14,0.14,0.41,,0.33,1.03,0.27,0.98
12260,"Augusta-Richmond County, GA-SC",0.92,0.87,0.67,1,1.09,,0.06,0.26,-0.08,-0.17,,1.37,2.47,0.46,0.56
12300,"Augusta-Waterville, ME",0.29,0.45,0.45,0.17,0.29,,-0.16,-0.16,0.13,0,,-1,-0.43,0.73,0.16
12380,"Austin, MN",-0.66,-0.53,-0.68,-0.72,-0.7,,-0.12,0.02,0.07,0.04,,-1.68,-0.37,-0.55,-0.64
12420,"Austin-Round Rock, TX",2.18,2.33,2.15,2.01,2.48,,-0.15,0.03,0.16,-0.3,,0.94,2.56,2.51,1.24
12460,"Bainbridge, GA",-1.05,-1.1,-0.75,-1.05,-0.95,,0.05,-0.29,0,-0.09,,-0.63,-2.8,-0.77,-1.3
12540,"Bakersfield, CA",1.23,1.27,1.29,1.27,1.51,,-0.04,-0.05,-0.04,-0.28,,0.9,1.02,1.18,0.55
12580,"Baltimore-Columbia-Towson, MD",2.32,2.42,2.35,1.09,1.22,,-0.09,-0.03,1.23,1.1,,1.56,2.32,5.2,3.8
12580,"Baltimore-Towson, MD",2.32,2.42,2.35,1.09,1.22,,-0.09,-0.03,1.23,1.1,,1.56,2.32,5.2,3.8
12620,"Bangor, ME",0.33,0.38,0.46,0.04,0.24,,-0.05,-0.12,0.3,0.1,,-0.06,-0.28,1.12,0.26
12660,"Baraboo, WI",-0.31,-0.14,-0.28,-0.48,-0.25,,-0.17,-0.03,0.18,-0.05,,-1.67,-0.23,0.11,-0.64
12700,"Barnstable Town, MA",0.87,0.89,0.99,0.98,0.9,,-0.01,-0.12,-0.11,-0.02,,0.76,0.26,0.71,0.91
12740,"Barre, VT",0.35,0.34,0.69,0.31,0.23,,0.02,-0.34,0.05,0.12,,0.49,-1.65,0.78,0.59
12780,"Bartlesville, OK",-0.78,-0.89,-0.68,-0.67,-0.66,,0.1,-0.1,-0.12,-0.13,,0.05,-1.43,-0.98,-1
12820,"Bastrop, LA",-1.1,-1.11,-1.09,-1.12,-1.11,,0.01,-0.01,0.02,0.01,,-1.05,-1.07,-1.07,-1.12
12860,"Batavia, NY",-0.49,-0.44,-0.62,-0.64,-0.63,,-0.05,0.13,0.15,0.15,,-0.87,0.41,-0.28,-0.3
12900,"Batesville, AR",-0.93,-1.04,-0.75,-1,-0.87,,0.12,-0.17,0.07,-0.05,,0.01,-2.02,-0.6,-1.15
12940,"Baton Rouge, LA",1.64,1.6,1.41,2.23,2.21,,0.03,0.22,-0.59,-0.58,,1.91,3.01,0.02,0.77
12980,"Battle Creek, MI",0.19,0.29,0.15,0.07,0,,-0.1,0.05,0.12,0.19,,-0.59,0.63,0.4,0.52
13020,"Bay City, MI",0.07,-0.14,0.17,0.16,0.09,,0.21,-0.09,-0.08,-0.01,,1.78,-0.64,-0.05,0.11
13060,"Bay City, TX",-0.78,-0.94,-0.79,-0.97,-0.76,,0.17,0.02,0.19,-0.02,,0.57,-0.78,-0.36,-1.04
13100,"Beatrice, NE",-1.01,-1.08,-1.02,-1.07,-1.13,,0.07,0,0.06,0.11,,-0.47,-0.98,-0.9,-0.81
13140,"Beaumont-Port Arthur, TX",1,0.93,0.89,1.01,1.23,,0.08,0.11,-0.01,-0.23,,1.61,1.67,0.85,0.41
13180,"Beaver Dam, WI",-0.23,-0.37,-0.27,-0.44,-0.23,,0.15,0.04,0.22,0,,0.95,-0.06,0.21,-0.46
13220,"Beckley, WV",-0.09,-0.12,-0.23,-0.33,-0.32,,0.03,0.14,0.24,0.23,,0.13,0.79,0.3,0.23
13260,"Bedford, IN",-0.77,-0.61,-0.67,-0.73,-0.92,,-0.16,-0.1,-0.04,0.15,,-2.1,-1.14,-0.78,-0.37
13300,"Beeville, TX",-1.23,-1.11,-1.14,-1.18,-0.85,,-0.12,-0.08,-0.05,-0.38,,-2.21,-1.54,-1.27,-2.14
13340,"Bellefontaine, OH",-0.87,-0.8,-0.74,-0.74,-0.91,,-0.07,-0.13,-0.13,0.04,,-1.45,-1.52,-1.06,-0.65
13380,"Bellingham, WA",0.83,0.86,0.7,0.77,0.69,,-0.03,0.13,0.06,0.14,,0.58,1.72,0.82,1.1
13420,"Bemidji, MN",-0.44,-0.26,-0.4,-0.64,-0.54,,-0.18,-0.04,0.2,0.09,,-1.89,-0.44,0.04,-0.43
13460,"Bend-Redmond, OR",0.79,0.82,0.68,0.54,0.48,,-0.03,0.12,0.25,0.31,,0.54,1.59,1.23,1.29
13460,"Bend, OR",0.79,0.82,0.68,0.54,0.48,,-0.03,0.12,0.25,0.31,,0.54,1.59,1.23,1.29
13500,"Bennettsville, SC",-1.38,-1.43,-1.35,-0.84,-1.31,,0.05,-0.02,-0.54,-0.07,,-0.98,-1.48,-2.63,-1.02
13540,"Bennington, VT",-0.23,-0.12,-0.06,-0.41,-0.31,,-0.11,-0.17,0.18,0.09,,-1.14,-1.07,0.33,-0.21
13620,"Berlin, NH-VT",-0.76,-0.67,-0.75,-0.74,-0.82,,-0.09,-0.01,-0.01,0.06,,-1.46,-0.65,-0.8,-0.6
13660,"Big Rapids, MI",-0.79,-0.99,-0.98,-0.95,-0.81,,0.2,0.19,0.16,0.02,,0.8,0.21,-0.63,-0.92
13700,"Big Spring, TX",-0.95,-0.83,-1.05,-1.08,-1.05,,-0.12,0.1,0.13,0.1,,-1.89,-0.16,-0.77,-0.85
13740,"Billings, MT",0.66,0.81,0.84,1.11,1.24,,-0.15,-0.18,-0.45,-0.58,,-0.6,-0.2,-0.24,-0.35
13780,"Binghamton, NY",0.83,0.74,0.64,0.88,0.82,,0.09,0.19,-0.04,0.01,,1.59,1.96,0.52,0.89
13820,"Birmingham-Hoover, AL",1.83,1.83,1.78,2.84,2.91,,0,0.05,-1.01,-1.09,,1.79,2.18,-0.6,0.11
13860,"Bishop, CA",#N/A,#N/A,-0.61,-1.01,-0.94,,#N/A,#N/A,#N/A,#N/A,,#N/A,#N/A,#N/A,#N/A
13900,"Bismarck, ND",0.38,0.28,0.34,-0.06,0.26,,0.11,0.05,0.45,0.12,,1.24,0.63,1.35,0.23
13940,"Blackfoot, ID",-0.61,-0.38,-0.44,-0.81,-0.51,,-0.23,-0.18,0.2,-0.1,,-2.49,-1.37,0,-1.09
13980,"Blacksburg-Christiansburg-Radford, VA",-0.01,-0.05,-0.13,0.88,0.52,,0.05,0.12,-0.89,-0.53,,0.35,0.75,-2.22,-0.46
14020,"Bloomington, IN",0.12,0.22,0.31,0.97,1.13,,-0.1,-0.2,-0.85,-1.02,,-0.7,-0.9,-1.7,-1.58
14060,"Bloomington-Normal, IL",#N/A,#N/A,0.33,0.18,0.17,,#N/A,#N/A,#N/A,#N/A,,#N/A,#N/A,#N/A,#N/A
14100,"Bloomsburg-Berwick, PA",-0.36,-0.21,-0.41,-0.31,-0.58,,-0.16,0.04,-0.06,0.22,,-1.63,0.13,-0.57,0.22
14140,"Bluefield, WV-VA",-0.13,-0.18,-0.16,-0.16,-0.19,,0.05,0.02,0.03,0.06,,0.28,0.03,-0.11,-0.04
14180,"Blytheville, AR",-0.65,-1.11,-0.78,-0.94,-0.89,,0.45,0.13,0.28,0.24,,3.02,-0.28,-0.14,-0.37
14220,"Bogalusa, LA",-1.03,-0.96,-1.08,-1.01,-0.96,,-0.07,0.05,-0.02,-0.07,,-1.57,-0.57,-1.14,-1.2
14260,"Boise City, ID",1.46,1.49,1.41,2.15,2.05,,-0.02,0.06,-0.69,-0.58,,1.29,1.9,-0.23,0.68
14260,"Boise City-Nampa, ID",1.46,1.49,1.41,2.15,2.05,,-0.02,0.06,-0.69,-0.58,,1.29,1.9,-0.23,0.68
14300,"Bonham, TX",#N/A,#N/A,-1.1,#N/A,#N/A,,#N/A,#N/A,#N/A,#N/A,,#N/A,#N/A,#N/A,#N/A
14340,"Boone, IA",-1.02,-1.26,-0.98,-1.03,-0.97,,0.24,-0.04,0.01,-0.05,,0.88,-1.46,-0.99,-1.18
14380,"Boone, NC",-0.19,-0.33,-0.11,-0.19,-0.22,,0.14,-0.08,0,0.03,,0.97,-0.75,-0.13,-0.13
14420,"Borger, TX",-1.03,-0.97,-0.98,-1.05,-1.09,,-0.07,-0.06,0.01,0.05,,-1.6,-1.25,-0.98,-0.94
14460,"Boston-Cambridge-Newton, MA-NH",3.53,3.49,3.57,2.37,2.46,,0.04,-0.05,1.15,1.06,,3.83,3.28,6.24,5
14460,"Boston-Cambridge-Quincy, MA-NH",3.53,3.49,3.57,2.37,2.46,,0.04,-0.05,1.15,1.06,,3.83,3.28,6.24,5
14500,"Boulder, CO",2,1.93,1.89,1.89,1.84,,0.07,0.1,0.11,0.16,,2.54,2.63,2.12,2.27
14540,"Bowling Green, KY",0.18,0.33,0.11,0.46,0.6,,-0.15,0.07,-0.28,-0.42,,-1.03,0.83,-0.58,-0.6
14580,"Bozeman, MT",0.77,0.72,0.91,0.32,0.5,,0.05,-0.15,0.45,0.27,,1.15,-0.1,1.93,0.97
14620,"Bradford, PA",-0.92,-0.92,-0.84,-1.05,-0.84,,0,-0.07,0.13,-0.08,,-0.9,-1.3,-0.56,-1.26
14660,"Brainerd, MN",-0.07,0.07,-0.1,-0.29,-0.13,,-0.14,0.03,0.22,0.07,,-1.21,0.34,0.39,-0.14
14700,"Branson, MO",0.28,0.32,0.61,0.04,0,,-0.04,-0.33,0.24,0.28,,-0.06,-1.59,1.15,0.72
14740,"Bremerton-Silverdale, WA",0.64,0.65,0.81,0.77,0.82,,0,-0.16,-0.13,-0.18,,0.61,-0.26,0.48,0.3
14780,"Brenham, TX",-0.5,-0.8,-0.59,-0.7,-0.69,,0.29,0.08,0.19,0.19,,1.86,-0.22,-0.16,-0.25
14820,"Brevard, NC",-0.66,-0.56,-0.65,-0.73,-0.84,,-0.1,-0.01,0.07,0.18,,-1.45,-0.58,-0.51,-0.31
14860,"Bridgeport-Stamford-Norwalk, CT",2.4,2.43,2.49,2.39,2.44,,-0.04,-0.09,0,-0.04,,2.09,1.96,2.47,2.27
14940,"Brigham City, UT",#N/A,#N/A,-0.69,-1.05,-1.1,,#N/A,#N/A,#N/A,#N/A,,#N/A,#N/A,#N/A,#N/A
15020,"Brookhaven, MS",-0.88,-1.1,-0.92,-0.94,-1.02,,0.22,0.04,0.06,0.14,,0.92,-0.82,-0.81,-0.62
15060,"Brookings, OR",-0.71,-0.65,-0.76,-0.75,-0.96,,-0.06,0.05,0.04,0.25,,-1.18,-0.28,-0.69,-0.15
15100,"Brookings, SD",-0.59,-0.52,-0.71,-0.9,-0.83,,-0.07,0.13,0.31,0.24,,-1.15,0.31,0,-0.33
15140,"Brownsville, TN",#N/A,#N/A,-1.36,-0.78,-1.27,,#N/A,#N/A,#N/A,#N/A,,#N/A,#N/A,#N/A,#N/A
15180,"Brownsville-Harlingen, TX",0.91,0.94,1.06,1.11,0.97,,-0.02,-0.15,-0.2,-0.06,,0.73,0.12,0.58,0.95
15220,"Brownwood, TX",-0.87,-0.92,-0.83,-0.9,-0.98,,0.06,-0.04,0.03,0.11,,-0.4,-1.09,-0.78,-0.64
15260,"Brunswick, GA",0.13,0.16,0.12,1,0.78,,-0.03,0.01,-0.88,-0.65,,-0.16,0.29,-1.96,-0.64
15340,"Bucyrus, OH",-0.75,-0.74,-0.62,-0.86,-0.61,,-0.01,-0.13,0.11,-0.14,,-0.85,-1.47,-0.4,-1.24
15380,"Buffalo-Cheektowaga-Niagara Falls, NY",2.18,1.9,2.12,1.51,1.7,,0.28,0.06,0.67,0.48,,4.44,2.33,3.66,2.69
15380,"Buffalo-Niagara Falls, NY",2.18,1.9,2.12,1.51,1.7,,0.28,0.06,0.67,0.48,,4.44,2.33,3.66,2.69
15420,"Burley, ID",-0.75,-0.78,-0.68,-0.88,-0.78,,0.03,-0.07,0.13,0.03,,-0.54,-1.13,-0.4,-0.83
15460,"Burlington, IA-IL",-0.56,-0.56,-0.38,-0.69,-0.71,,0,-0.17,0.13,0.15,,-0.56,-1.53,-0.11,-0.32
15500,"Burlington, NC",0.36,0.29,0.33,0.19,0.46,,0.06,0.02,0.17,-0.1,,0.86,0.51,0.7,-0.09
15540,"Burlington-South Burlington, VT",0.89,1.04,1.07,1.18,1.38,,-0.15,-0.18,-0.28,-0.49,,-0.29,0,0.39,-0.06
15580,"Butte-Silver Bow, MT",-0.44,-0.44,-0.33,-0.7,-0.6,,-0.01,-0.12,0.26,0.16,,-0.5,-1.08,0.26,-0.33
15620,"Cadillac, MI",-0.67,-0.71,-0.68,-0.79,-0.58,,0.03,0.01,0.11,-0.09,,-0.41,-0.58,-0.44,-1.03
15660,"Calhoun, GA",0.06,-0.03,-0.26,-0.27,-0.22,,0.09,0.33,0.33,0.28,,0.79,2.01,0.48,0.41
15700,"Cambridge, MD",-0.78,-0.68,-0.93,-0.89,-0.89,,-0.11,0.15,0.1,0.1,,-1.67,0.28,-0.71,-0.66
15740,"Cambridge, OH",-0.84,-0.83,-0.56,-0.78,-0.76,,-0.01,-0.29,-0.07,-0.08,,-0.94,-2.49,-0.74,-1
15780,"Camden, AR",-1.11,-0.89,-0.85,-1.14,-1.14,,-0.22,-0.26,0.03,0.03,,-2.92,-2.38,-0.8,-1.08
15820,"Campbellsville, KY",-1.05,-0.89,-0.99,-0.86,-0.84,,-0.16,-0.06,-0.19,-0.21,,-2.33,-1.16,-1.46,-1.4
15860,"Ca?on City, CO",-0.86,-0.99,-1.02,-0.93,-0.84,,0.14,0.16,0.07,-0.02,,0.24,0.04,-0.88,-0.99
15860,"Canon City, CO",-0.86,-0.99,-1.02,-0.93,-0.84,,0.14,0.16,0.07,-0.02,,0.24,0.04,-0.88,-0.99
15900,"Canton, IL",-1.06,-0.83,-1.02,-1.09,-1.04,,-0.23,-0.04,0.03,-0.03,,-2.95,-1.03,-0.98,-1.18
15940,"Canton-Massillon, OH",1.23,1.11,1.16,1.76,1.7,,0.12,0.07,-0.53,-0.47,,2.17,1.6,-0.09,0.57
15980,"Cape Coral-Fort Myers, FL",1.35,1.41,1.34,1.38,1.5,,-0.05,0.01,-0.02,-0.15,,0.9,1.53,1.26,0.98
16020,"Cape Girardeau, MO-IL",0.04,0.04,0.17,0.36,0.34,,0,-0.13,-0.32,-0.3,,0.05,-0.66,-0.6,-0.41
16020,"Cape Girardeau-Jackson, MO-IL",0.04,0.04,0.17,0.36,0.34,,0,-0.13,-0.32,-0.3,,0.05,-0.66,-0.6,-0.41
16060,"Carbondale-Marion, IL",-0.08,-0.06,-0.47,-0.63,-0.47,,-0.02,0.39,0.55,0.39,,-0.23,2.35,0.78,0.32
16060,"Carbondale, IL",-0.08,-0.06,-0.47,-0.63,-0.47,,-0.02,0.39,0.55,0.39,,-0.23,2.35,0.78,0.32
16100,"Carlsbad-Artesia, NM",-0.37,-0.43,-0.63,-0.81,-0.84,,0.06,0.26,0.44,0.47,,0.09,1.22,0.37,0.35
16180,"Carson City, NV",0.2,-0.02,-0.14,0.03,-0.06,,0.22,0.34,0.16,0.26,,1.98,2.08,0.21,0.65
16220,"Casper, WY",0.19,0.23,0.14,0,0.15,,-0.04,0.06,0.2,0.04,,-0.16,0.64,0.57,0.08
16260,"Cedar City, UT",-0.19,-0.41,-0.42,-0.6,-0.62,,0.22,0.23,0.41,0.43,,1.6,1.03,0.51,0.45
16300,"Cedar Rapids, IA",0.82,0.94,0.79,1.48,1.17,,-0.13,0.03,-0.66,-0.36,,-0.21,1.19,-0.78,0.57
16340,"Cedartown, GA",-0.94,-0.85,-1.08,-0.88,-1.13,,-0.09,0.15,-0.06,0.2,,-1.68,0.1,-1.24,-0.42
16380,"Celina, OH",-0.72,-0.51,-0.54,-0.81,-0.93,,-0.21,-0.18,0.09,0.21,,-2.43,-1.52,-0.35,-0.3
16420,"Central City, KY",#N/A,#N/A,-1.12,-0.97,-0.94,,#N/A,#N/A,#N/A,#N/A,,#N/A,#N/A,#N/A,#N/A
16460,"Centralia, IL",-0.74,-0.76,-0.89,-0.84,-0.93,,0.02,0.14,0.09,0.19,,-0.61,0.16,-0.69,-0.4
16500,"Centralia, WA",-0.34,-0.24,-0.27,-0.28,-0.33,,-0.09,-0.07,-0.06,-0.01,,-1.11,-0.61,-0.43,-0.32
16540,"Chambersburg-Waynesboro, PA",0.13,0.01,0.09,0.16,0.09,,0.12,0.04,-0.03,0.04,,1.11,0.32,0,0.23
16540,"Chambersburg, PA",0.13,0.01,0.09,0.16,0.09,,0.12,0.04,-0.03,0.04,,1.11,0.32,0,0.23
16580,"Champaign-Urbana, IL",0.4,0.41,0.56,1.56,1.46,,-0.02,-0.16,-1.16,-1.06,,0.25,-0.51,-2.18,-1.11
16620,"Charleston, WV",0.7,0.65,0.88,1.62,1.74,,0.05,-0.17,-0.92,-1.04,,1.1,-0.32,-1.29,-0.98
16660,"Charleston-Mattoon, IL",-0.64,-0.47,-0.66,-0.16,-0.45,,-0.17,0.02,-0.48,-0.19,,-2.07,-0.31,-1.81,-0.66
16700,"Charleston-North Charleston, SC",1.35,1.41,1.44,0.37,0.72,,-0.06,-0.1,0.97,0.63,,0.83,0.89,3.69,1.91
16740,"Charlotte-Concord-Gastonia, NC-SC",2.67,2.56,2.25,2.31,2.25,,0.11,0.42,0.36,0.41,,3.59,5.18,3.07,3.32
16740,"Charlotte-Gastonia-Concord, NC-SC",2.67,2.56,2.25,2.31,2.25,,0.11,0.42,0.36,0.41,,3.59,5.18,3.07,3.32
16820,"Charlottesville, VA",0.83,0.83,0.71,0.71,1.11,,-0.01,0.12,0.11,-0.28,,0.74,1.63,0.94,-0.02
16860,"Chattanooga, TN-GA",1.29,1.28,1.3,1.25,1.3,,0.01,-0.01,0.04,-0.01,,1.34,1.31,1.35,1.22
16900,"Chester, SC",#N/A,#N/A,-1.18,-0.93,-1.04,,#N/A,#N/A,#N/A,#N/A,,#N/A,#N/A,#N/A,#N/A
16940,"Cheyenne, WY",0.17,0.18,0.08,-0.32,-0.03,,0,0.1,0.5,0.2,,0.14,0.82,1.21,0.15
16980,"Chicago-Naperville-Elgin, IL-IN-WI",3.83,3.93,4.26,3.25,3.18,,-0.1,-0.43,0.58,0.65,,3.01,1.4,5.58,4.85
16980,"Chicago-Naperville-Joliet, IL-IN-WI",3.83,3.93,4.26,3.25,3.18,,-0.1,-0.43,0.58,0.65,,3.01,1.4,5.58,4.85
17020,"Chico, CA",0.33,0.38,0.64,0.59,0.57,,-0.06,-0.31,-0.26,-0.24,,-0.14,-1.41,0,-0.03
17060,"Chillicothe, OH",-0.52,-0.6,-0.62,-0.53,-0.62,,0.08,0.1,0.01,0.1,,0.15,0.07,-0.62,-0.3
17140,"Cincinnati, OH-KY-IN",2.76,2.57,2.85,2.17,2.26,,0.19,-0.09,0.59,0.5,,4.27,2.08,4.2,3.38
17140,"Cincinnati-Middletown, OH-KY-IN",2.76,2.57,2.85,2.17,2.26,,0.19,-0.09,0.59,0.5,,4.27,2.08,4.2,3.38
17180,"City of The Dalles, OR",#N/A,#N/A,-0.96,-0.84,-0.95,,#N/A,#N/A,#N/A,#N/A,,#N/A,#N/A,#N/A,#N/A
17200,"Claremont-Lebanon, NH-VT",0.87,0.82,-0.39,#N/A,#N/A,,0.05,1.26,#N/A,#N/A,,1.25,8.47,#N/A,#N/A
17200,"Claremont, NH",0.87,0.82,-0.39,#N/A,#N/A,,0.05,1.26,#N/A,#N/A,,1.25,8.47,#N/A,#N/A
17220,"Clarksburg, WV",-0.13,-0.29,-0.29,-0.01,0.5,,0.15,0.15,-0.12,-0.64,,1.09,0.7,-0.6,-1.62
17260,"Clarksdale, MS",-1.06,-1.01,-0.9,-0.91,-0.9,,-0.05,-0.16,-0.15,-0.16,,-1.43,-1.93,-1.26,-1.33
17300,"Clarksville, TN-KY",0.2,0.36,0.08,0.49,0.37,,-0.17,0.12,-0.29,-0.17,,-1.17,1.15,-0.63,0.04
17340,"Clearlake, CA",-0.5,-0.54,-0.39,-0.78,-0.61,,0.04,-0.11,0.28,0.11,,-0.21,-1.11,0.23,-0.52
17380,"Cleveland, MS",-1,-1.05,-0.9,-0.82,-0.9,,0.05,-0.1,-0.18,-0.1,,-0.59,-1.56,-1.36,-1.07
17420,"Cleveland, TN",-0.34,-0.3,-0.16,0.17,-0.01,,-0.05,-0.18,-0.52,-0.33,,-0.73,-1.32,-1.39,-0.68
17460,"Cleveland-Elyria, OH",3.31,3,3.19,1,1.2,,0.31,0.12,2.31,2.11,,5.81,3.77,8.55,6.23
17460,"Cleveland-Elyria-Mentor, OH",3.31,3,3.19,1,1.2,,0.31,0.12,2.31,2.11,,5.81,3.77,8.55,6.23
17500,"Clewiston, FL",-1.02,-1.03,-0.99,-1,-1.3,,0.01,-0.03,-0.02,0.28,,-0.97,-1.13,-1.06,-0.32
17540,"Clinton, IA",-0.82,-0.78,-0.81,-0.66,-0.66,,-0.04,-0.01,-0.17,-0.16,,-1.16,-0.79,-1.23,-1.08
17580,"Clovis, NM",-0.64,-0.71,-0.54,-0.72,-0.57,,0.07,-0.09,0.09,-0.06,,-0.06,-1.21,-0.36,-0.9
17660,"Coeur d'Alene, ID",0.6,0.7,0.55,0.26,0.24,,-0.1,0.05,0.34,0.36,,-0.24,1.08,1.32,1.14
17700,"Coffeyville, KS",-0.88,-0.72,-0.7,-1.04,-1.09,,-0.15,-0.18,0.16,0.22,,-2.12,-1.73,-0.35,-0.52
17740,"Coldwater, MI",-0.83,-0.81,-0.78,-0.73,-0.57,,-0.02,-0.05,-0.1,-0.26,,-0.98,-1.05,-1.04,-1.39
17780,"College Station-Bryan, TX",0.38,0.39,0.27,1.13,1.06,,-0.01,0.11,-0.75,-0.68,,0.28,1.13,-1.5,-0.58
17820,"Colorado Springs, CO",1.36,1.4,1.52,1.78,1.84,,-0.04,-0.16,-0.42,-0.48,,1.06,0.51,0.51,0.56
17860,"Columbia, MO",0.58,0.54,0.59,1.07,1.09,,0.04,-0.01,-0.49,-0.51,,0.94,0.56,-0.57,-0.22
17900,"Columbia, SC",1.44,1.37,1.56,2.21,1.91,,0.07,-0.13,-0.78,-0.48,,2.01,0.66,-0.27,1
17940,"Columbia, TN",#N/A,#N/A,-0.13,-0.31,-0.28,,#N/A,#N/A,#N/A,#N/A,,#N/A,#N/A,#N/A,#N/A
17980,"Columbus, GA-AL",0.57,0.54,0.43,1.4,1.37,,0.04,0.15,-0.83,-0.8,,0.87,1.5,-1.54,-0.6
18020,"Columbus, IN",-0.16,-0.21,0.03,-0.33,-0.3,,0.05,-0.19,0.16,0.13,,0.2,-1.28,0.38,-0.01
18060,"Columbus, MS",-0.28,-0.31,-0.58,-0.42,-0.22,,0.03,0.3,0.14,-0.06,,-0.04,1.55,-0.29,-0.59
18100,"Columbus, NE",-0.67,-0.65,-0.6,-0.91,-1.02,,-0.02,-0.07,0.24,0.36,,-0.83,-1.01,-0.06,-0.04
18140,"Columbus, OH",2.34,2.41,2.47,2.77,2.12,,-0.07,-0.13,-0.43,0.22,,1.78,1.71,1.44,3.29
18180,"Concord, NH",0.66,0.64,0.89,0.5,0.48,,0.02,-0.23,0.16,0.18,,0.79,-0.69,1.23,0.93
18220,"Connersville, IN",-1.15,-1.05,-1.18,-1.23,-1.03,,-0.1,0.03,0.08,-0.13,,-1.98,-0.83,-1.02,-1.57
18260,"Cookeville, TN",-0.1,-0.22,-0.12,0.53,0.67,,0.12,0.02,-0.63,-0.77,,0.85,-0.02,-1.63,-1.39
18300,"Coos Bay, OR",-0.29,-0.29,-0.35,-0.39,-0.42,,0.01,0.07,0.11,0.14,,-0.25,0.19,-0.13,-0.08
18340,"Corbin, KY",#N/A,#N/A,-1.01,-0.76,-0.83,,#N/A,#N/A,#N/A,#N/A,,#N/A,#N/A,#N/A,#N/A
18380,"Cordele, GA",-1.17,-1.24,-0.97,-1.32,-1.01,,0.07,-0.21,0.15,-0.17,,-0.64,-2.41,-0.64,-1.75
18420,"Corinth, MS",-0.88,-0.59,-0.81,-0.7,-1.02,,-0.3,-0.07,-0.19,0.13,,-3.29,-0.95,-1.27,-0.39
18460,"Cornelia, GA",-0.91,-1.09,-0.7,-0.84,-0.77,,0.18,-0.21,-0.08,-0.14,,0.53,-2.3,-0.91,-1.22
18500,"Corning, NY",-0.28,-0.39,-0.46,-0.47,-0.29,,0.11,0.19,0.19,0.01,,0.64,0.8,-0.04,-0.46
18580,"Corpus Christi, TX",0.87,0.99,1.02,1.73,1.88,,-0.12,-0.15,-0.86,-1.01,,-0.08,0.16,-1,-0.8
18620,"Corsicana, TX",-0.88,-0.75,-0.71,-0.93,-0.81,,-0.13,-0.17,0.05,-0.07,,-1.93,-1.68,-0.62,-1.11
18660,"Cortland, NY",-0.64,-0.49,-0.57,-0.79,-0.85,,-0.15,-0.07,0.15,0.21,,-1.84,-0.82,-0.24,-0.28
18700,"Corvallis, OR",0.1,-0.01,-0.09,-0.11,-0.18,,0.11,0.19,0.21,0.28,,0.98,1.23,0.37,0.57
18740,"Coshocton, OH",-0.74,-1.04,-1.07,-0.83,-0.99,,0.3,0.33,0.09,0.25,,1.71,1.02,-0.9,-0.22
18820,"Crawfordsville, IN",-0.91,-0.89,-0.71,-0.78,-0.9,,-0.02,-0.2,-0.13,-0.01,,-1.1,-2.01,-1.03,-0.83
18860,"Crescent City, CA",-1.08,-1.02,-0.98,-1.01,-1.16,,-0.06,-0.1,-0.07,0.08,,-1.55,-1.53,-1.17,-0.83
18900,"Crossville, TN",-0.54,-0.66,-0.72,-0.62,-0.72,,0.12,0.18,0.08,0.18,,0.44,0.5,-0.56,-0.21
18940,"Crowley, LA",#N/A,#N/A,-0.7,-0.94,-0.68,,#N/A,#N/A,#N/A,#N/A,,#N/A,#N/A,#N/A,#N/A
18980,"Cullman, AL",-0.15,-0.34,-0.44,-0.38,-0.22,,0.19,0.29,0.23,0.07,,1.39,1.5,0.07,-0.24
19020,"Culpeper, VA",#N/A,#N/A,-0.76,#N/A,#N/A,,#N/A,#N/A,#N/A,#N/A,,#N/A,#N/A,#N/A,#N/A
19060,"Cumberland, MD-WV",-0.33,-0.29,-0.35,-0.48,-0.51,,-0.04,0.02,0.15,0.18,,-0.68,-0.1,-0.02,-0.04
19100,"Dallas-Fort Worth-Arlington, TX",3.39,3.31,3.55,1.9,2.4,,0.08,-0.16,1.49,0.99,,4.05,2.4,7.01,4.33
19140,"Dalton, GA",0.72,1.08,0.93,1.03,0.97,,-0.35,-0.21,-0.31,-0.25,,-2.15,-0.11,0.18,0.4
19180,"Danville, IL",-0.63,-0.49,-0.67,-0.34,-0.41,,-0.14,0.04,-0.29,-0.22,,-1.75,-0.19,-1.36,-0.92
19220,"Danville, KY",-0.74,-0.78,-0.89,-0.81,-0.92,,0.04,0.15,0.08,0.18,,-0.39,0.2,-0.74,-0.39
19260,"Danville, VA",-0.28,-0.36,-0.48,-0.07,-0.25,,0.08,0.2,-0.21,-0.03,,0.33,0.93,-1,-0.18
19300,"Daphne-Fairhope-Foley, AL",0.54,0.64,0.39,0.13,0.29,,-0.1,0.16,0.41,0.25,,-0.28,1.65,1.32,0.72
19340,"Davenport-Moline-Rock Island, IA-IL",0.98,1.08,0.98,1.6,1.43,,-0.09,0.01,-0.62,-0.45,,0.21,1.19,-0.5,0.46
19380,"Dayton, OH",1.74,1.63,1.81,1.91,1.73,,0.1,-0.07,-0.17,0,,2.57,1.29,1.38,1.89
19460,"Decatur, AL",0.21,0.25,0.2,0.51,0.48,,-0.04,0,-0.3,-0.28,,-0.15,0.34,-0.52,-0.2
19500,"Decatur, IL",-0.23,-0.07,-0.05,-0.01,-0.03,,-0.17,-0.18,-0.22,-0.21,,-1.59,-1.09,-0.59,-0.55
19540,"Decatur, IN",-0.78,-0.58,-0.42,-0.65,-0.72,,-0.19,-0.36,-0.13,-0.06,,-2.33,-2.66,-0.74,-0.82
19580,"Defiance, OH",-0.89,-0.89,-0.72,-0.72,-0.88,,0,-0.17,-0.17,-0.01,,-0.9,-1.82,-1.14,-0.76
19620,"Del Rio, TX",-0.68,-0.84,-0.82,-0.71,-0.55,,0.16,0.14,0.03,-0.13,,0.61,0.09,-0.77,-1.05
19660,"Deltona-Daytona Beach-Ormond Beach, FL",1.15,1.16,1.1,1.22,1.24,,-0.01,0.06,-0.07,-0.09,,1.09,1.58,0.92,0.99
19700,"Deming, NM",-1.29,-1.52,-1.36,-1.03,-1.11,,0.23,0.07,-0.26,-0.18,,0.61,-1.04,-1.99,-1.49
19740,"Denver-Aurora-Lakewood, CO",2.54,2.62,2.57,3.69,3.16,,-0.08,-0.03,-1.15,-0.62,,1.89,2.53,-0.14,2.14
19740,"Denver-Aurora, CO",2.54,2.62,2.57,3.69,3.16,,-0.08,-0.03,-1.15,-0.62,,1.89,2.53,-0.14,2.14
19760,"DeRidder, LA",-1.11,-1.08,-1.15,-0.54,-1.1,,-0.02,0.05,-0.56,0,,-1.31,-0.74,-2.49,-0.58
19760,"De Ridder, LA",-1.11,-1.08,-1.15,-0.54,-1.1,,-0.02,0.05,-0.56,0,,-1.31,-0.74,-2.49,-0.58
19780,"Des Moines-West Des Moines, IA",1.35,1.51,1.52,2.34,2.44,,-0.16,-0.17,-0.99,-1.09,,0.05,0.55,-0.82,-0.39
19820,"Detroit-Warren-Dearborn, MI",3.21,3.08,3.21,1.06,1.39,,0.13,0.01,2.15,1.83,,4.28,3.18,8.2,5.58
19820,"Detroit-Warren-Livonia, MI",3.21,3.08,3.21,1.06,1.39,,0.13,0.01,2.15,1.83,,4.28,3.18,8.2,5.58
19860,"Dickinson, ND",-0.42,-0.39,-0.55,-1.1,-1.01,,-0.03,0.13,0.68,0.58,,-0.71,0.48,1,0.33
19900,"Dillon, SC",#N/A,#N/A,-1.28,-1.09,-1.29,,#N/A,#N/A,#N/A,#N/A,,#N/A,#N/A,#N/A,#N/A
19940,"Dixon, IL",-1.13,-1.14,-0.85,-0.69,-1.01,,0.01,-0.28,-0.44,-0.12,,-1.07,-2.76,-1.9,-1.01
19980,"Dodge City, KS",-0.73,-0.82,-0.73,-0.85,-0.84,,0.09,0,0.12,0.1,,-0.04,-0.75,-0.48,-0.62
20020,"Dothan, AL",0.16,0.28,0.21,1.08,0.71,,-0.12,-0.05,-0.92,-0.55,,-0.82,0.04,-1.95,-0.3
20060,"Douglas, GA",-0.87,-0.97,-0.64,-0.52,-0.67,,0.1,-0.23,-0.34,-0.2,,-0.08,-2.26,-1.47,-1.03
20100,"Dover, DE",0.18,0.09,0.2,-0.03,-0.29,,0.09,-0.02,0.21,0.47,,0.91,0.03,0.65,1.11
20140,"Dublin, GA",-0.59,-0.76,-0.64,-0.42,-0.28,,0.17,0.05,-0.16,-0.31,,0.77,-0.39,-1.05,-1.21
20180,"DuBois, PA",-0.2,-0.39,-0.37,-0.39,-0.44,,0.19,0.17,0.19,0.24,,1.31,0.72,0.04,0.19
20220,"Dubuque, IA",0.37,0.28,0.34,0.07,0.13,,0.1,0.03,0.3,0.25,,1.15,0.52,1.02,0.66
20260,"Duluth, MN-WI",0.78,0.78,0.69,1.23,1.24,,0.01,0.09,-0.45,-0.46,,0.83,1.38,-0.38,0.07
20300,"Dumas, TX",-1.24,-1.04,-1.07,-1.07,-1.31,,-0.19,-0.16,-0.16,0.07,,-2.82,-1.96,-1.48,-0.92
20340,"Duncan, OK",-0.76,-0.68,-0.83,-0.89,-1.07,,-0.08,0.07,0.13,0.31,,-1.42,-0.16,-0.55,-0.14
20380,"Dunn, NC",-0.48,-0.32,-0.33,-0.67,-0.65,,-0.17,-0.15,0.19,0.17,,-1.85,-1.17,0.08,-0.28
20420,"Durango, CO",0.2,0.24,0.01,0.13,0.24,,-0.03,0.19,0.07,-0.03,,-0.07,1.46,0.16,0.02
20460,"Durant, OK",-0.9,-0.76,-0.99,-0.99,-0.85,,-0.13,0.09,0.09,-0.05,,-1.97,-0.14,-0.8,-1.13
20500,"Durham-Chapel Hill, NC",1.44,1.37,1.39,0.79,1.05,,0.07,0.05,0.65,0.39,,1.98,1.77,2.87,1.75
20500,"Durham, NC",1.44,1.37,1.39,0.79,1.05,,0.07,0.05,0.65,0.39,,1.98,1.77,2.87,1.75
20540,"Dyersburg, TN",-0.84,-1.2,-1.04,-0.69,-0.7,,0.36,0.2,-0.15,-0.14,,2.08,0.09,-1.41,-1.06
20580,"Eagle Pass, TX",-0.65,-0.5,-0.83,-0.87,-0.92,,-0.15,0.18,0.21,0.26,,-1.87,0.64,-0.36,-0.23
20620,"East Liverpool-Salem, OH",#N/A,#N/A,-0.14,-0.07,0.02,,#N/A,#N/A,#N/A,#N/A,,#N/A,#N/A,#N/A,#N/A
20660,"Easton, MD",-0.17,-0.1,0,-0.34,-0.28,,-0.07,-0.18,0.17,0.11,,-0.76,-1.09,0.38,-0.09
20700,"East Stroudsburg, PA",0.12,0.03,0.18,0.25,0.2,,0.09,-0.06,-0.13,-0.08,,0.84,-0.28,-0.16,0.03
20740,"Eau Claire, WI",0.51,0.49,0.49,0,-0.15,,0.02,0.02,0.51,0.66,,0.69,0.69,1.66,1.63
20780,"Edwards, CO",0.58,0.46,0.69,0.76,0.79,,0.12,-0.11,-0.19,-0.22,,1.54,-0.14,0.22,0.21
20820,"Effingham, IL",-0.6,-0.62,-0.8,-0.8,-0.78,,0.03,0.2,0.2,0.18,,-0.4,0.67,-0.36,-0.37
20900,"El Campo, TX",-0.95,-0.96,-0.84,-0.82,-0.9,,0.02,-0.1,-0.13,-0.05,,-0.83,-1.52,-1.16,-0.96
20940,"El Centro, CA",0.21,0.23,0.34,0.13,0.08,,-0.02,-0.13,0.08,0.13,,0.04,-0.49,0.5,0.42
20980,"El Dorado, AR",-0.64,-0.64,-0.68,-0.66,-0.64,,-0.01,0.04,0.02,-0.01,,-0.7,-0.33,-0.66,-0.7
21020,"Elizabeth City, NC",-0.79,-0.91,-0.42,-0.1,-0.42,,0.12,-0.37,-0.69,-0.37,,0.15,-3.07,-2.05,-1.05
21060,"Elizabethtown-Fort Knox, KY",-0.02,-0.11,-0.17,0.16,0.06,,0.09,0.15,-0.18,-0.08,,0.7,0.86,-0.62,-0.06
21060,"Elizabethtown, KY",-0.02,-0.11,-0.17,0.16,0.06,,0.09,0.15,-0.18,-0.08,,0.7,0.86,-0.62,-0.06
21120,"Elk City, OK",-0.74,-0.78,-0.53,#N/A,#N/A,,0.04,-0.22,#N/A,#N/A,,-0.44,-2.02,#N/A,#N/A
21140,"Elkhart-Goshen, IN",1.88,1.99,1.7,1.9,2,,-0.11,0.18,-0.01,-0.12,,1.01,3.16,1.65,1.58
21220,"Elko, NV",-0.05,-0.17,-0.14,-0.49,-0.33,,0.12,0.09,0.44,0.28,,0.88,0.42,0.86,0.19
21260,"Ellensburg, WA",-0.53,-0.52,-0.61,-0.63,-0.63,,-0.02,0.07,0.09,0.1,,-0.69,0,-0.42,-0.4
21300,"Elmira, NY",-0.05,-0.13,-0.2,-0.07,-0.07,,0.08,0.15,0.02,0.02,,0.62,0.84,-0.19,-0.03
21340,"El Paso, TX",1.52,1.45,1.57,1.74,1.76,,0.08,-0.05,-0.22,-0.24,,2.13,1.22,1.03,1.12
21380,"Emporia, KS",-0.82,-0.79,-0.47,-0.9,-0.8,,-0.03,-0.35,0.08,-0.02,,-1.08,-2.85,-0.3,-0.97
21420,"Enid, OK",-0.49,-0.3,-0.47,-0.6,-0.61,,-0.19,-0.02,0.11,0.12,,-2.04,-0.33,-0.25,-0.33
21460,"Enterprise, AL",-0.87,-0.74,-0.48,-0.66,-0.8,,-0.13,-0.39,-0.21,-0.06,,-1.9,-3.01,-0.99,-0.84
21460,"Enterprise-Ozark, AL",-0.87,-0.74,-0.48,-0.66,-0.8,,-0.13,-0.39,-0.21,-0.06,,-1.9,-3.01,-0.99,-0.84
21500,"Erie, PA",0.99,0.89,1.02,1.1,1.06,,0.11,-0.03,-0.1,-0.07,,1.85,0.78,0.76,0.9
21540,"Escanaba, MI",-0.71,-0.62,-0.58,-0.66,-0.5,,-0.09,-0.13,-0.04,-0.21,,-1.43,-1.32,-0.71,-1.21
21580,"Espa?ola, NM",-0.71,-0.66,-0.59,-0.76,-0.75,,-0.06,-0.12,0.05,0.04,,-1.21,-1.33,-0.5,-0.69
21580,"Espanola, NM",-0.71,-0.66,-0.59,-0.76,-0.75,,-0.06,-0.12,0.05,0.04,,-1.21,-1.33,-0.5,-0.69
21640,"Eufaula, AL-GA",#N/A,#N/A,-1.17,#N/A,#N/A,,#N/A,#N/A,#N/A,#N/A,,#N/A,#N/A,#N/A,#N/A
21660,"Eugene, OR",1.17,1.21,1.2,1.23,1.17,,-0.05,-0.03,-0.06,0,,0.79,1.08,1.04,1.2
21660,"Eugene-Springfield, OR",1.17,1.21,1.2,1.23,1.17,,-0.05,-0.03,-0.06,0,,0.79,1.08,1.04,1.2
21700,"Eureka-Arcata-Fortuna, CA",0.24,0.3,0.38,0.21,0.21,,-0.05,-0.13,0.03,0.03,,-0.21,-0.44,0.44,0.27
21740,"Evanston, WY",-0.89,-0.9,-0.99,-0.73,-0.97,,0.01,0.09,-0.16,0.08,,-0.85,-0.28,-1.39,-0.56
21780,"Evansville, IN-KY",0.92,0.96,0.8,0.9,1.04,,-0.04,0.12,0.02,-0.12,,0.58,1.73,0.83,0.58
21820,"Fairbanks, AK",0.32,0.31,0.48,-0.14,0.05,,0.01,-0.16,0.46,0.27,,0.39,-0.56,1.51,0.51
21860,"Fairmont, MN",#N/A,#N/A,-1.06,-1,-1.13,,#N/A,#N/A,#N/A,#N/A,,#N/A,#N/A,#N/A,#N/A
21900,"Fairmont, WV",-0.45,-0.51,-0.35,-0.67,-0.69,,0.06,-0.1,0.22,0.24,,0.06,-1.06,0.13,-0.09
21980,"Fallon, NV",-0.92,-1.12,-0.7,-1.08,-1.4,,0.2,-0.22,0.16,0.48,,0.69,-2.41,-0.36,0.08
22020,"Fargo, ND-MN",0.77,0.83,0.95,0.22,0.46,,-0.06,-0.19,0.55,0.3,,0.25,-0.22,2.21,0.96
22060,"Faribault-Northfield, MN",-0.42,-0.37,-0.32,-0.36,-0.48,,-0.05,-0.1,-0.06,0.06,,-0.86,-0.9,-0.49,-0.24
22100,"Farmington, MO",-0.54,-0.56,-0.46,-0.64,-0.67,,0.02,-0.08,0.1,0.13,,-0.38,-0.98,-0.26,-0.33
22140,"Farmington, NM",0.05,-0.02,0.06,-0.08,-0.1,,0.07,-0.02,0.13,0.15,,0.57,-0.05,0.34,0.27
22180,"Fayetteville, NC",0.62,0.49,0.5,1.42,1.38,,0.13,0.12,-0.8,-0.76,,1.68,1.27,-1.38,-0.49
22220,"Fayetteville-Springdale-Rogers, AR-MO",1.27,1.26,0.99,0.68,1.09,,0.01,0.28,0.6,0.19,,1.37,3.04,2.36,1.12
22260,"Fergus Falls, MN",-0.48,-0.43,-0.45,-0.45,-0.65,,-0.05,-0.03,-0.03,0.17,,-0.9,-0.56,-0.53,-0.05
22280,"Fernley, NV",-0.5,-0.54,-0.12,#N/A,#N/A,,0.04,-0.38,#N/A,#N/A,,-0.22,-2.78,#N/A,#N/A
22300,"Findlay, OH",0.04,-0.18,-0.12,-0.39,-0.43,,0.21,0.16,0.43,0.46,,1.76,0.83,0.86,0.74
22340,"Fitzgerald, GA",-0.99,-1.44,-1.39,-1.09,-0.11,,0.45,0.4,0.1,-0.89,,2.66,1.01,-1.18,-3.32
22380,"Flagstaff, AZ",0.43,0.4,0.41,0.4,0.24,,0.03,0.01,0.03,0.19,,0.66,0.56,0.46,0.85
22420,"Flint, MI",0.87,0.87,0.94,1.16,1.27,,0,-0.07,-0.29,-0.4,,0.84,0.54,0.24,0.15
22500,"Florence, SC",0.27,0.19,0.18,-0.03,-0.22,,0.08,0.09,0.3,0.49,,0.9,0.8,0.85,1.16
22520,"Florence-Muscle Shoals, AL",0.15,0.16,0.15,#N/A,#N/A,,-0.01,0,#N/A,#N/A,,0.06,0.24,#N/A,#N/A
22540,"Fond du Lac, WI",-0.03,0.04,0.09,-0.08,0.07,,-0.07,-0.12,0.05,-0.1,,-0.6,-0.6,0.18,-0.35
22580,"Forest City, NC",-0.65,-0.72,-0.55,-0.65,-0.72,,0.08,-0.09,0.01,0.07,,-0.03,-1.22,-0.57,-0.5
22620,"Forrest City, AR",-1.19,-1.32,-0.95,-1.13,-1.17,,0.14,-0.24,-0.06,-0.02,,-0.1,-2.68,-1.11,-1.2
22660,"Fort Collins, CO",1.11,1.08,1.12,1.03,1.02,,0.03,-0.01,0.08,0.09,,1.36,1.11,1.28,1.23
22660,"Fort Collins-Loveland, CO",1.11,1.08,1.12,1.03,1.02,,0.03,-0.01,0.08,0.09,,1.36,1.11,1.28,1.23
22700,"Fort Dodge, IA",-0.58,-0.44,-0.3,-0.66,-0.65,,-0.14,-0.28,0.08,0.07,,-1.72,-2.05,-0.15,-0.5
22780,"Fort Leonard Wood, MO",-0.9,-0.73,-0.76,-0.83,-1.13,,-0.17,-0.15,-0.08,0.23,,-2.29,-1.57,-0.96,-0.29
22800,"Fort Madison-Keokuk, IA-IL-MO",-0.54,-0.7,-0.66,#N/A,#N/A,,0.16,0.12,#N/A,#N/A,,0.74,0.08,#N/A,#N/A
22800,"Fort Madison-Keokuk, IA-MO",-0.54,-0.7,-0.66,#N/A,#N/A,,0.16,0.12,#N/A,#N/A,,0.74,0.08,#N/A,#N/A
22820,"Fort Morgan, CO",-0.99,-1.22,-0.86,-0.94,-1.04,,0.23,-0.13,-0.05,0.05,,0.85,-1.91,-1,-0.83
22840,"Fort Payne, AL",#N/A,#N/A,-0.49,#N/A,#N/A,,#N/A,#N/A,#N/A,#N/A,,#N/A,#N/A,#N/A,#N/A
22860,"Fort Polk South, LA",-1.01,-0.83,-1.11,-0.98,-0.75,,-0.18,0.1,-0.03,-0.25,,-2.44,-0.13,-1.21,-1.62
22900,"Fort Smith, AR-OK",0.65,0.56,0.5,0.92,0.69,,0.09,0.14,-0.28,-0.04,,1.35,1.5,-0.17,0.8
22980,"Fort Valley, GA",#N/A,#N/A,-0.93,-0.76,-1.08,,#N/A,#N/A,#N/A,#N/A,,#N/A,#N/A,#N/A,#N/A
23020,"Fort Walton Beach-Crestview-Destin, FL",#N/A,#N/A,0.58,0.6,0.65,,#N/A,#N/A,#N/A,#N/A,,#N/A,#N/A,#N/A,#N/A
23060,"Fort Wayne, IN",1.38,1.36,1.53,2.28,2.05,,0.02,-0.15,-0.9,-0.67,,1.5,0.53,-0.59,0.6
23140,"Frankfort, IN",-1.17,-1.01,-0.86,-0.95,-1.11,,-0.16,-0.3,-0.22,-0.06,,-2.5,-2.77,-1.4,-1.11
23180,"Frankfort, KY",-0.25,-0.42,-0.17,-0.59,-0.51,,0.17,-0.08,0.34,0.26,,1.1,-0.85,0.6,0.04
23240,"Fredericksburg, TX",-0.44,-0.51,-0.41,#N/A,#N/A,,0.07,-0.03,#N/A,#N/A,,0.09,-0.64,#N/A,#N/A
23300,"Freeport, IL",-0.73,-0.61,-0.39,-0.71,-0.66,,-0.12,-0.34,-0.02,-0.07,,-1.73,-2.59,-0.47,-0.9
23340,"Fremont, NE",-0.75,-0.68,-0.86,-0.75,-1,,-0.07,0.11,-0.01,0.25,,-1.33,0.04,-0.9,-0.15
23380,"Fremont, OH",-0.55,-0.37,-0.56,-0.48,-0.45,,-0.18,0.01,-0.07,-0.1,,-1.98,-0.25,-0.76,-0.74
23420,"Fresno, CA",1.38,1.48,1.63,1.72,1.57,,-0.1,-0.25,-0.34,-0.19,,0.56,0.07,0.82,1.22
23460,"Gadsden, AL",-0.07,-0.08,-0.21,0.04,-0.03,,0.02,0.15,-0.1,-0.04,,0.06,0.87,-0.47,-0.08
23500,"Gaffney, SC",-0.47,-0.58,-0.49,-0.67,-0.59,,0.1,0.02,0.2,0.11,,0.35,-0.41,-0.05,-0.42
23540,"Gainesville, FL",0.78,0.64,0.67,1.35,1.3,,0.15,0.12,-0.56,-0.51,,1.96,1.42,-0.67,0.06
23580,"Gainesville, GA",0.64,0.5,0.74,0.5,0.27,,0.14,-0.11,0.14,0.37,,1.74,-0.07,1.05,1.39
23620,"Gainesville, TX",-0.67,-0.64,-0.81,-0.68,-1.11,,-0.04,0.13,0.01,0.43,,-0.97,0.24,-0.82,0.38
23660,"Galesburg, IL",-0.81,-0.64,-0.51,-0.62,-0.36,,-0.17,-0.29,-0.19,-0.45,,-2.23,-2.34,-0.98,-1.76
23700,"Gallup, NM",-0.4,-0.39,-0.4,-0.46,-0.36,,0,0,0.06,-0.04,,-0.44,-0.33,-0.28,-0.58
23780,"Garden City, KS",-0.71,-0.78,-0.72,-0.82,-0.72,,0.07,0.01,0.11,0.01,,-0.15,-0.65,-0.49,-0.82
23820,"Gardnerville Ranchos, NV",0.25,0,-0.07,0.09,-0.4,,0.25,0.32,0.16,0.65,,2.28,2.01,0.27,1.68
23860,"Georgetown, SC",-0.2,-0.23,-0.31,-0.25,-0.21,,0.03,0.11,0.05,0.01,,0.02,0.53,-0.21,-0.24
23900,"Gettysburg, PA",-0.11,-0.21,-0.37,-0.4,-0.23,,0.09,0.26,0.29,0.12,,0.65,1.45,0.28,-0.13
23940,"Gillette, WY",-0.27,-0.35,-0.31,-0.5,-0.63,,0.07,0.04,0.23,0.36,,0.32,-0.03,0.19,0.36
23980,"Glasgow, KY",-0.69,-0.46,-0.77,-0.65,-0.56,,-0.23,0.08,-0.04,-0.12,,-2.58,0.1,-0.88,-0.98
24020,"Glens Falls, NY",0.15,0.2,0.31,-0.33,-0.29,,-0.05,-0.16,0.48,0.44,,-0.26,-0.7,1.41,0.73
24100,"Gloversville, NY",-0.32,-0.41,-0.22,-0.52,-0.5,,0.09,-0.1,0.2,0.18,,0.39,-0.95,0.23,-0.09
24140,"Goldsboro, NC",-0.35,-0.35,-0.04,-0.17,-0.14,,0,-0.3,-0.18,-0.21,,-0.37,-2.11,-0.5,-0.72
24180,"Granbury, TX",#N/A,#N/A,-0.44,-0.38,-0.2,,#N/A,#N/A,#N/A,#N/A,,#N/A,#N/A,#N/A,#N/A
24220,"Grand Forks, ND-MN",-0.09,0.07,0.07,-0.22,-0.22,,-0.16,-0.17,0.13,0.13,,-1.41,-0.87,0.34,0.08
24260,"Grand Island, NE",-0.08,-0.21,-0.05,0.6,0.45,,0.14,-0.02,-0.68,-0.53,,1.01,-0.29,-1.66,-0.74
24300,"Grand Junction, CO",0.43,0.44,0.4,0.37,0.39,,-0.01,0.03,0.06,0.04,,0.36,0.68,0.51,0.44
24340,"Grand Rapids-Wyoming, MI",2.46,2.22,1.94,2.9,2.68,,0.24,0.52,-0.44,-0.22,,4.36,5.42,0.88,2.34
24380,"Grants, NM",-1.29,-1.24,-1.38,-1.28,-1.16,,-0.06,0.08,-0.01,-0.13,,-1.75,-0.66,-1.43,-1.62
24420,"Grants Pass, OR",-0.21,-0.19,0.08,-0.27,-0.28,,-0.01,-0.29,0.06,0.07,,-0.33,-1.85,0.2,-0.1
24460,"Great Bend, KS",-0.66,-0.67,-0.9,-0.9,-0.95,,0.01,0.24,0.25,0.29,,-0.56,0.83,-0.35,-0.21
24500,"Great Falls, MT",0.02,-0.01,0.12,-0.15,-0.01,,0.03,-0.1,0.16,0.03,,0.26,-0.56,0.48,-0.1
24540,"Greeley, CO",0.71,0.64,0.59,0.43,0.5,,0.07,0.12,0.27,0.2,,1.28,1.44,1.2,0.92
24580,"Green Bay, WI",1.24,1.15,1.08,2.05,1.9,,0.08,0.15,-0.82,-0.66,,1.91,2.15,-0.84,0.39
24620,"Greeneville, TN",-0.5,-0.63,-0.54,-0.56,-0.54,,0.13,0.04,0.06,0.04,,0.59,-0.3,-0.42,-0.48
24660,"Greensboro-High Point, NC",2.13,1.97,1.82,1.21,1.5,,0.16,0.31,0.93,0.63,,3.42,3.92,3.96,2.76
24700,"Greensburg, IN",-0.96,-1,-1.1,-1.01,-1.1,,0.04,0.14,0.05,0.14,,-0.62,-0.06,-1,-0.69
24740,"Greenville, MS",-0.71,-0.64,-0.51,-0.3,-0.58,,-0.07,-0.2,-0.41,-0.13,,-1.28,-1.8,-1.49,-0.66
24780,"Greenville, NC",0.15,0.18,0.15,0.59,0.69,,-0.03,-0.01,-0.44,-0.54,,-0.12,0.21,-0.89,-0.77
24820,"Greenville, OH",-0.64,-0.72,-0.58,-0.8,-0.59,,0.08,-0.06,0.15,-0.05,,0,-1.02,-0.25,-0.95
24860,"Greenville-Anderson-Mauldin, SC",1.97,1.79,1.57,1.75,1.6,,0.18,0.4,0.22,0.37,,3.41,4.29,2.06,2.64
24860,"Greenville-Mauldin-Easley, SC",1.97,1.79,1.57,1.75,1.6,,0.18,0.4,0.22,0.37,,3.41,4.29,2.06,2.64
24900,"Greenwood, MS",-0.95,-0.77,-0.96,-0.52,-0.18,,-0.18,0.01,-0.43,-0.77,,-2.43,-0.65,-2,-2.46
24940,"Greenwood, SC",-0.43,-0.54,-0.45,-0.54,-0.48,,0.11,0.02,0.1,0.04,,0.43,-0.37,-0.23,-0.45
24980,"Grenada, MS",-1.37,-1.23,-1.36,-0.89,-1.02,,-0.14,-0.01,-0.48,-0.35,,-2.48,-1.2,-2.5,-1.78
25060,"Gulfport-Biloxi-Pascagoula, MS",0.71,0.62,0.56,1.4,1.25,,0.09,0.15,-0.69,-0.54,,1.4,1.59,-1.07,0.04
25060,"Gulfport-Biloxi, MS",0.71,0.62,0.56,1.4,1.25,,0.09,0.15,-0.69,-0.54,,1.4,1.59,-1.07,0.04
25100,"Guymon, OK",-1.27,-1.31,-1.4,-1.36,-1.21,,0.05,0.13,0.09,-0.05,,-0.91,-0.44,-1.21,-1.52
25180,"Hagerstown-Martinsburg, MD-WV",0.4,0.44,0.6,0.3,0.61,,-0.05,-0.21,0.09,-0.21,,0.01,-0.75,0.8,-0.24
25220,"Hammond, LA",0.03,-0.08,-0.04,-0.22,-0.32,,0.11,0.08,0.26,0.35,,0.96,0.45,0.53,0.63
25260,"Hanford-Corcoran, CA",-0.35,-0.38,-0.41,-0.2,-0.33,,0.02,0.06,-0.16,-0.02,,-0.17,0.04,-0.8,-0.28
25300,"Hannibal, MO",-0.88,-1.05,-1.01,-0.55,-0.73,,0.17,0.13,-0.32,-0.15,,0.5,-0.19,-1.78,-0.94
25340,"Harriman, TN",#N/A,#N/A,-0.96,-0.9,-1,,#N/A,#N/A,#N/A,#N/A,,#N/A,#N/A,#N/A,#N/A
25380,"Harrisburg, IL",#N/A,#N/A,-1.14,-1.29,-0.98,,#N/A,#N/A,#N/A,#N/A,,#N/A,#N/A,#N/A,#N/A
25420,"Harrisburg-Carlisle, PA",1.16,1.26,1.44,1,1.2,,-0.09,-0.27,0.17,-0.04,,0.41,-0.32,1.8,0.88
25460,"Harrison, AR",-0.75,-0.59,-0.91,-0.23,-0.61,,-0.15,0.16,-0.52,-0.13,,-2,0.45,-2.15,-0.57
25500,"Harrisonburg, VA",0.02,-0.03,-0.06,-0.56,-0.28,,0.04,0.07,0.58,0.29,,0.36,0.49,1.26,0.15
25540,"Hartford-West Hartford-East Hartford, CT",2.41,2.43,2.27,1.49,1.36,,-0.02,0.14,0.92,1.05,,2.2,3.34,4.39,4.07
25580,"Hastings, NE",-0.7,-0.88,-0.73,-0.24,-0.46,,0.18,0.03,-0.46,-0.24,,0.76,-0.64,-1.82,-0.87
25620,"Hattiesburg, MS",0.02,-0.04,-0.03,0.16,0.06,,0.06,0.05,-0.13,-0.04,,0.48,0.33,-0.37,0.04
25660,"Havre, MT",#N/A,#N/A,-0.64,-1.11,-1.18,,#N/A,#N/A,#N/A,#N/A,,#N/A,#N/A,#N/A,#N/A
25700,"Hays, KS",-0.61,-0.47,-0.72,-0.83,-0.76,,-0.14,0.11,0.22,0.15,,-1.73,0.28,-0.24,-0.48
25720,"Heber, UT",-0.08,-0.52,-0.44,#N/A,#N/A,,0.44,0.36,#N/A,#N/A,,3.48,1.74,#N/A,#N/A
25740,"Helena, MT",0.23,0.13,0.2,0.37,0.59,,0.1,0.03,-0.14,-0.36,,1.05,0.39,-0.14,-0.56
25780,"Henderson, NC",-0.93,-0.9,-1,-0.74,-0.87,,-0.04,0.07,-0.19,-0.06,,-1.22,-0.43,-1.46,-0.92
25820,"Hereford, TX",-0.91,-1.21,-1.07,-1.04,-1.23,,0.3,0.15,0.13,0.32,,1.48,-0.23,-0.79,-0.28
25860,"Hickory-Lenoir-Morganton, NC",1.36,1.32,1.03,0.88,0.81,,0.04,0.33,0.47,0.55,,1.67,3.38,2.11,2.22
25900,"Hilo, HI",0.66,0.73,0.75,0.38,0.42,,-0.07,-0.1,0.28,0.24,,0.07,0.21,1.39,0.95
25940,"Hilton Head Island-Bluffton-Beaufort, SC",0.6,0.5,0.43,0.69,0.59,,0.1,0.17,-0.09,0.01,,1.43,1.62,0.18,0.69
25940,"Hilton Head Island-Beaufort, SC",0.6,0.5,0.43,0.69,0.59,,0.1,0.17,-0.09,0.01,,1.43,1.62,0.18,0.69
25980,"Hinesville, GA",-0.7,-0.76,-0.89,-0.43,-0.49,,0.05,0.19,-0.28,-0.21,,-0.26,0.46,-1.56,-0.97
25980,"Hinesville-Fort Stewart, GA",-0.7,-0.76,-0.89,-0.43,-0.49,,0.05,0.19,-0.28,-0.21,,-0.26,0.46,-1.56,-0.97
26020,"Hobbs, NM",-0.3,-0.42,-0.17,-0.7,-0.59,,0.11,-0.13,0.4,0.29,,0.6,-1.13,0.73,-0.01
26100,"Holland-Grand Haven, MI",#N/A,#N/A,1.08,1.1,1,,#N/A,#N/A,#N/A,#N/A,,#N/A,#N/A,#N/A,#N/A
26140,"Homosassa Springs, FL",0.09,-0.11,-0.15,0.04,-0.01,,0.2,0.24,0.06,0.1,,1.73,1.41,-0.04,0.27
26180,"Honolulu, HI",#N/A,#N/A,2.19,1.47,1.69,,#N/A,#N/A,#N/A,#N/A,,#N/A,#N/A,#N/A,#N/A
26220,"Hood River, OR",-0.32,-0.37,-0.43,-0.76,-0.72,,0.05,0.11,0.44,0.4,,0.06,0.37,0.58,0.22
26260,"Hope, AR",#N/A,#N/A,-1.2,-0.96,-1.03,,#N/A,#N/A,#N/A,#N/A,,#N/A,#N/A,#N/A,#N/A
26300,"Hot Springs, AR",0.23,0.18,0.2,-0.06,-0.04,,0.06,0.03,0.3,0.27,,0.67,0.42,0.87,0.58
26340,"Houghton, MI",-0.66,-0.62,-0.57,-0.66,-0.64,,-0.04,-0.09,0,-0.02,,-0.96,-1.07,-0.6,-0.74
26380,"Houma-Thibodaux, LA",0.91,0.84,0.79,0.27,-0.06,,0.07,0.12,0.64,0.96,,1.46,1.61,2.25,2.64
26380,"Houma-Bayou Cane-Thibodaux, LA",0.91,0.84,0.79,0.27,-0.06,,0.07,0.12,0.64,0.96,,1.46,1.61,2.25,2.64
26420,"Houston-The Woodlands-Sugar Land, TX",3.13,3.2,3.1,3.22,3.64,,-0.07,0.02,-0.09,-0.51,,2.56,3.41,2.87,1.92
26420,"Houston-Sugar Land-Baytown, TX",3.13,3.2,3.1,3.22,3.64,,-0.07,0.02,-0.09,-0.51,,2.56,3.41,2.87,1.92
26460,"Hudson, NY",0.01,-0.09,-0.13,-0.17,0,,0.09,0.14,0.17,0.01,,0.77,0.81,0.25,-0.16
26480,"Humboldt, TN",#N/A,#N/A,-0.68,#N/A,#N/A,,#N/A,#N/A,#N/A,#N/A,,#N/A,#N/A,#N/A,#N/A
26500,"Huntingdon, PA",-0.77,-0.69,-1.02,-1.03,-0.86,,-0.07,0.25,0.27,0.09,,-1.37,0.91,-0.42,-0.82
26540,"Huntington, IN",-0.85,-0.61,-0.96,-0.86,-0.92,,-0.24,0.11,0.02,0.07,,-2.81,0.13,-0.94,-0.7
26580,"Huntington-Ashland, WV-KY-OH",0.6,0.69,0.49,0.92,0.72,,-0.09,0.11,-0.32,-0.12,,-0.17,1.43,-0.29,0.61
26620,"Huntsville, AL",1.03,1.13,1.08,0.88,1.07,,-0.1,-0.05,0.15,-0.04,,0.2,0.92,1.4,0.75
26660,"Huntsville, TX",-0.8,-0.81,-0.79,-0.81,-0.89,,0,-0.01,0.01,0.09,,-0.8,-0.8,-0.8,-0.61
26700,"Huron, SD",-1.09,-1.06,-0.94,-0.99,-1.15,,-0.03,-0.15,-0.1,0.06,,-1.33,-1.92,-1.19,-0.86
26740,"Hutchinson, KS",-0.45,-0.35,-0.2,-0.47,-0.25,,-0.1,-0.24,0.03,-0.2,,-1.24,-1.74,-0.16,-0.98
26780,"Hutchinson, MN",-0.72,-0.8,-0.84,-0.74,-0.68,,0.08,0.11,0.01,-0.05,,-0.11,-0.04,-0.83,-0.87
26820,"Idaho Falls, ID",0.3,0.35,0.36,0.32,0.5,,-0.06,-0.06,-0.03,-0.2,,-0.16,0.05,0.27,-0.2
26860,"Indiana, PA",-0.34,-0.47,-0.38,-0.57,-0.65,,0.13,0.04,0.23,0.31,,0.67,-0.14,0.14,0.18
26900,"Indianapolis-Carmel-Anderson, IN",2.24,2.27,2.27,1.59,2.06,,-0.03,-0.03,0.65,0.18,,1.99,2.18,3.77,2.03
26900,"Indianapolis-Carmel, IN",2.24,2.27,2.27,1.59,2.06,,-0.03,-0.03,0.65,0.18,,1.99,2.18,3.77,2.03
26940,"Indianola, MS",-1.01,-0.93,-0.86,-1.13,-1.1,,-0.08,-0.15,0.12,0.09,,-1.67,-1.78,-0.6,-0.93
26980,"Iowa City, IA",0.12,0.12,0.2,0.28,0,,-0.01,-0.09,-0.16,0.12,,0.07,-0.33,-0.2,0.55
27020,"Iron Mountain, MI-WI",-0.71,-0.78,-0.74,-0.59,-0.4,,0.07,0.03,-0.11,-0.31,,-0.13,-0.53,-1.03,-1.38
27060,"Ithaca, NY",0.35,0.35,0.28,0.25,0.23,,0,0.07,0.09,0.12,,0.34,0.82,0.48,0.53
27100,"Jackson, MI",0.43,0.35,0.35,0.33,0.39,,0.08,0.08,0.1,0.04,,1.08,0.91,0.55,0.42
27140,"Jackson, MS",1.17,1.28,1.39,1.42,1.32,,-0.11,-0.23,-0.25,-0.15,,0.23,-0.02,0.78,1.02
27180,"Jackson, TN",0.06,0.09,0.13,0.68,0.53,,-0.02,-0.07,-0.62,-0.47,,-0.14,-0.25,-1.34,-0.51
27220,"Jackson, WY-ID",0.58,0.51,0.28,-0.11,0.44,,0.07,0.31,0.69,0.15,,1.13,2.43,1.86,0.24
27260,"Jacksonville, FL",1.7,1.77,1.76,1.89,2.21,,-0.06,-0.06,-0.19,-0.5,,1.19,1.5,1.3,0.62
27300,"Jacksonville, IL",-0.98,-0.84,-0.99,-0.65,-0.71,,-0.14,0.01,-0.34,-0.28,,-2.12,-0.72,-1.8,-1.35
27340,"Jacksonville, NC",0.06,-0.07,-0.02,-0.28,-0.19,,0.13,0.08,0.34,0.25,,1.11,0.47,0.76,0.33
27380,"Jacksonville, TX",-0.56,-0.67,-0.55,-0.7,-0.63,,0.11,-0.01,0.14,0.07,,0.29,-0.65,-0.26,-0.54
27420,"Jamestown, ND",-0.82,-1.01,-0.53,-0.88,-0.91,,0.19,-0.29,0.06,0.09,,0.74,-2.7,-0.42,-0.68
27460,"Jamestown-Dunkirk-Fredonia, NY",0.09,0.17,0.12,0.11,0.05,,-0.08,-0.03,-0.02,0.04,,-0.57,0.04,0.06,0.19
27500,"Janesville-Beloit, WI",0.16,0.37,0.2,0.15,0.23,,-0.2,-0.04,0.01,-0.07,,-1.5,0.2,0.21,-0.03
27500,"Janesville, WI",0.16,0.37,0.2,0.15,0.23,,-0.2,-0.04,0.01,-0.07,,-1.5,0.2,0.21,-0.03
27540,"Jasper, IN",-0.39,-0.3,-0.37,0.19,-0.13,,-0.09,-0.03,-0.59,-0.26,,-1.15,-0.41,-1.76,-0.49
27620,"Jefferson City, MO",0.18,0.05,0.16,1.05,0.75,,0.13,0.02,-0.86,-0.57,,1.24,0.27,-1.88,-0.39
27660,"Jennings, LA",#N/A,#N/A,-1.14,-0.89,-0.91,,#N/A,#N/A,#N/A,#N/A,,#N/A,#N/A,#N/A,#N/A
27700,"Jesup, GA",-1.16,-1.05,-1.19,-1.25,-1.26,,-0.1,0.03,0.1,0.1,,-1.98,-0.79,-0.99,-1.02
27740,"Johnson City, TN",0.28,0.21,0.24,0.72,1.04,,0.07,0.04,-0.44,-0.76,,0.82,0.52,-0.81,-1.19
27780,"Johnstown, PA",0.12,0.06,0.13,0.05,0.14,,0.06,-0.01,0.07,-0.03,,0.59,0.08,0.27,-0.04
27860,"Jonesboro, AR",0.03,0.11,0.14,0.31,0.09,,-0.08,-0.11,-0.28,-0.06,,-0.59,-0.49,-0.54,0.14
27900,"Joplin, MO",0.27,0.53,0.45,0.17,0.31,,-0.26,-0.18,0.1,-0.04,,-1.88,-0.5,0.65,0.06
27940,"Juneau, AK",0.14,0.12,-0.01,-0.38,-0.5,,0.02,0.15,0.51,0.64,,0.25,1.07,1.17,1.18
27980,"Kahului-Wailuku-Lahaina, HI",1.02,1.02,1.11,0.5,0.64,,0,-0.09,0.52,0.39,,1.04,0.58,2.3,1.44
27980,"Kahului-Wailuku, HI",1.02,1.02,1.11,0.5,0.64,,0,-0.09,0.52,0.39,,1.04,0.58,2.3,1.44
28020,"Kalamazoo-Portage, MI",1.08,1.21,1.13,0.8,0.7,,-0.13,-0.05,0.28,0.37,,-0.01,0.95,1.75,1.71
28060,"Kalispell, MT",0.41,0.3,0.35,0.13,0.23,,0.12,0.06,0.28,0.18,,1.35,0.73,0.98,0.57
28100,"Kankakee, IL",-0.22,-0.16,-0.09,0.03,-0.12,,-0.06,-0.13,-0.25,-0.1,,-0.71,-0.89,-0.71,-0.24
28100,"Kankakee-Bradley, IL",-0.22,-0.16,-0.09,0.03,-0.12,,-0.06,-0.13,-0.25,-0.1,,-0.71,-0.89,-0.71,-0.24
28140,"Kansas City, MO-KS",2.53,2.45,2.47,2.21,2.02,,0.08,0.06,0.32,0.51,,3.17,2.87,3.19,3.46
28180,"Kapaa, HI",0.54,0.53,0.32,0.08,0.06,,0.01,0.22,0.46,0.48,,0.65,1.9,1.37,1.25
28260,"Kearney, NE",-0.4,-0.51,-0.39,-0.49,-0.5,,0.11,0,0.09,0.1,,0.49,-0.45,-0.21,-0.26
28300,"Keene, NH",0,-0.04,-0.03,-0.4,-0.32,,0.04,0.03,0.4,0.31,,0.31,0.18,0.88,0.35
28340,"Kendallville, IN",-0.86,-0.81,-0.78,-0.67,-0.7,,-0.05,-0.08,-0.19,-0.16,,-1.29,-1.25,-1.25,-1.1
28380,"Kennett, MO",-1.09,-1.14,-1,-1.05,-1.04,,0.05,-0.09,-0.04,-0.05,,-0.7,-1.63,-1.11,-1.2
28420,"Kennewick-Richland, WA",0.41,0.56,0.42,0.06,0.21,,-0.15,-0.01,0.35,0.2,,-0.84,0.59,1.21,0.53
28420,"Kennewick-Richland-Pasco, WA",0.41,0.56,0.42,0.06,0.21,,-0.15,-0.01,0.35,0.2,,-0.84,0.59,1.21,0.53
28500,"Kerrville, TX",-0.42,-0.38,-0.29,-0.24,-0.51,,-0.04,-0.13,-0.18,0.09,,-0.76,-1.12,-0.73,-0.03
28540,"Ketchikan, AK",-0.04,-0.65,-0.53,-0.34,-0.77,,0.62,0.49,0.3,0.73,,4.94,2.36,0.14,1.45
28580,"Key West, FL",0.82,0.76,0.6,0.44,0.59,,0.06,0.22,0.38,0.23,,1.31,2.13,1.46,0.99
28620,"Kill Devil Hills, NC",0.01,-0.17,-0.11,-0.16,-0.07,,0.19,0.12,0.17,0.09,,1.51,0.64,0.27,0.03
28660,"Killeen-Temple, TX",0.37,0.48,0.55,1.28,1.34,,-0.11,-0.18,-0.91,-0.97,,-0.53,-0.55,-1.6,-1.16
28660,"Killeen-Temple-Fort Hood, TX",0.37,0.48,0.55,1.28,1.34,,-0.11,-0.18,-0.91,-0.97,,-0.53,-0.55,-1.6,-1.16
28700,"Kingsport-Bristol-Bristol, TN-VA",0.61,0.6,0.66,0.55,0.41,,0.01,-0.05,0.06,0.2,,0.66,0.38,0.77,1.01
28740,"Kingston, NY",0.72,0.78,0.82,0.5,0.71,,-0.05,-0.09,0.23,0.01,,0.28,0.29,1.32,0.51
28780,"Kingsville, TX",-1,-1.02,-0.83,-1.07,-1.36,,0.03,-0.16,0.07,0.36,,-0.79,-1.93,-0.7,-0.18
28820,"Kinston, NC",-0.78,-0.85,-0.4,-0.49,-0.62,,0.07,-0.38,-0.29,-0.16,,-0.2,-3.05,-1.1,-0.91
28860,"Kirksville, MO",-0.93,-0.86,-0.89,-0.4,-0.41,,-0.06,-0.03,-0.53,-0.52,,-1.46,-1,-2.16,-1.7
28900,"Klamath Falls, OR",-0.5,-0.44,-0.34,-0.47,-0.51,,-0.06,-0.16,-0.03,0.01,,-1.01,-1.34,-0.44,-0.45
28940,"Knoxville, TN",1.4,1.58,1.55,1.78,2.04,,-0.18,-0.15,-0.38,-0.64,,-0.05,0.73,0.64,0.17
28980,"Kodiak, AK",#N/A,#N/A,0.01,-0.18,-0.18,,#N/A,#N/A,#N/A,#N/A,,#N/A,#N/A,#N/A,#N/A
29020,"Kokomo, IN",-0.35,-0.29,-0.22,0.08,0.29,,-0.06,-0.13,-0.43,-0.65,,-0.86,-1.02,-1.26,-1.55
29060,"Laconia, NH",-0.02,0.01,-0.09,-0.35,-0.21,,-0.03,0.07,0.33,0.2,,-0.24,0.5,0.66,0.12
29100,"La Crosse-Onalaska, WI-MN",0.33,0.37,0.3,0.77,0.79,,-0.04,0.03,-0.43,-0.46,,0.01,0.63,-0.73,-0.39
29100,"La Crosse, WI-MN",0.33,0.37,0.3,0.77,0.79,,-0.04,0.03,-0.43,-0.46,,0.01,0.63,-0.73,-0.39
29140,"Lafayette, IN",#N/A,#N/A,0.28,0.88,1.07,,#N/A,#N/A,#N/A,#N/A,,#N/A,#N/A,#N/A,#N/A
29180,"Lafayette, LA",1.37,1.35,1.06,1.31,1.49,,0.01,0.31,0.06,-0.12,,1.46,3.28,1.16,0.99
29220,"La Follette, TN",#N/A,#N/A,-1.33,-0.85,-0.9,,#N/A,#N/A,#N/A,#N/A,,#N/A,#N/A,#N/A,#N/A
29260,"La Grande, OR",-0.86,-0.8,-0.75,-0.9,-0.84,,-0.06,-0.1,0.05,-0.01,,-1.34,-1.34,-0.67,-0.96
29300,"LaGrange, GA",-0.34,-0.41,-0.38,-0.36,-0.44,,0.07,0.04,0.02,0.1,,0.22,-0.1,-0.35,-0.13
29340,"Lake Charles, LA",0.51,0.24,0.43,0.69,0.87,,0.27,0.08,-0.18,-0.36,,2.69,0.78,-0.01,-0.24
29380,"Lake City, FL",-0.33,-0.52,-0.4,-0.61,-0.79,,0.19,0.07,0.28,0.45,,1.17,-0.06,0.23,0.49
29420,"Lake Havasu City-Kingman, AZ",0.25,0.41,0.34,0.43,0.31,,-0.16,-0.09,-0.18,-0.06,,-1.05,-0.07,-0.11,0.25
29460,"Lakeland-Winter Haven, FL",1.36,1.2,1.24,1.26,1.27,,0.16,0.11,0.1,0.08,,2.63,1.94,1.45,1.44
29460,"Lakeland, FL",1.36,1.2,1.24,1.26,1.27,,0.16,0.11,0.1,0.08,,2.63,1.94,1.45,1.44
29500,"Lamesa, TX",-1.3,-1.23,-1.24,-1.11,-1.05,,-0.07,-0.06,-0.19,-0.25,,-1.87,-1.51,-1.71,-1.75
29540,"Lancaster, PA",1.57,1.55,1.56,1.82,1.56,,0.02,0.01,-0.25,0,,1.74,1.68,0.95,1.81
29580,"Lancaster, SC",#N/A,#N/A,-0.6,-0.78,-0.74,,#N/A,#N/A,#N/A,#N/A,,#N/A,#N/A,#N/A,#N/A
29620,"Lansing-East Lansing, MI",1.03,0.96,1.09,0.43,0.72,,0.07,-0.06,0.6,0.3,,1.59,0.65,2.47,1.16
29660,"Laramie, WY",-0.47,-0.56,-0.54,-0.6,-0.49,,0.09,0.07,0.12,0.01,,0.22,-0.1,-0.27,-0.58
29700,"Laredo, TX",0.94,1,0.96,0.94,1,,-0.06,-0.01,0,-0.06,,0.45,0.99,0.93,0.78
29740,"Las Cruces, NM",0.28,0.22,0.21,0.16,0.12,,0.06,0.07,0.11,0.16,,0.72,0.71,0.45,0.54
29780,"Las Vegas, NM",-1,-1.09,-0.9,-1.3,-1.04,,0.09,-0.11,0.3,0.04,,-0.28,-1.67,-0.23,-1.23
29820,"Las Vegas-Henderson-Paradise, NV",2.23,2.25,2.23,1.83,1.89,,-0.02,0,0.4,0.34,,2.04,2.35,3.13,2.66
29820,"Las Vegas-Paradise, NV",2.23,2.25,2.23,1.83,1.89,,-0.02,0,0.4,0.34,,2.04,2.35,3.13,2.66
29860,"Laurel, MS",-0.35,-0.33,-0.38,-0.24,-0.22,,-0.01,0.03,-0.1,-0.13,,-0.46,-0.1,-0.64,-0.6
29900,"Laurinburg, NC",-0.89,-0.98,-1.08,-1.06,-0.88,,0.09,0.19,0.16,-0.01,,-0.17,0.22,-0.73,-1.1
29940,"Lawrence, KS",0.05,0.1,0.24,-0.02,0.06,,-0.05,-0.19,0.07,-0.01,,-0.34,-0.97,0.37,-0.07
29980,"Lawrenceburg, TN",-0.94,-0.81,-0.92,-1.04,-1.11,,-0.12,-0.01,0.1,0.18,,-1.92,-0.82,-0.71,-0.61
30020,"Lawton, OK",-0.1,-0.07,0.07,-0.15,-0.22,,-0.04,-0.17,0.05,0.12,,-0.4,-1.04,0.17,0.12
30060,"Lebanon, MO",-0.84,-0.92,-0.77,-0.57,-0.66,,0.08,-0.07,-0.28,-0.18,,-0.24,-1.27,-1.44,-1.04
30100,"Lebanon, NH-VT",#N/A,#N/A,0.74,0.9,0.85,,#N/A,#N/A,#N/A,#N/A,,#N/A,#N/A,#N/A,#N/A
30140,"Lebanon, PA",0.1,0.14,0.16,0.15,0.01,,-0.04,-0.06,-0.05,0.09,,-0.27,-0.16,0.01,0.36
30220,"Levelland, TX",-1.01,-0.88,-0.99,-0.81,-0.98,,-0.13,-0.02,-0.2,-0.03,,-2.08,-0.93,-1.47,-0.9
30260,"Lewisburg, PA",-0.67,-0.95,-0.61,-0.55,-0.71,,0.28,-0.06,-0.12,0.04,,1.57,-1.27,-0.91,-0.47
30280,"Lewisburg, TN",-1.19,-1.24,-1.22,#N/A,#N/A,,0.05,0.04,#N/A,#N/A,,-0.75,-0.93,#N/A,#N/A
30300,"Lewiston, ID-WA",-0.43,-0.3,-0.36,-0.28,-0.24,,-0.13,-0.08,-0.16,-0.2,,-1.49,-0.7,-0.75,-0.79
30340,"Lewiston-Auburn, ME",0.09,0.24,0.19,0.08,0.3,,-0.15,-0.1,0.01,-0.21,,-1.15,-0.29,0.19,-0.47
30380,"Lewistown, PA",-0.72,-0.69,-0.67,-0.92,-1,,-0.03,-0.05,0.2,0.28,,-0.97,-0.9,-0.23,-0.25
30420,"Lexington, NE",-0.98,-0.9,-0.98,-0.86,-0.81,,-0.08,0,-0.11,-0.16,,-1.64,-0.82,-1.26,-1.29
30460,"Lexington-Fayette, KY",1.3,1.21,1.22,2.55,2,,0.09,0.08,-1.25,-0.7,,2.02,1.77,-1.72,0.79
30500,"Lexington Park, MD",#N/A,#N/A,-0.05,-0.03,-0.04,,#N/A,#N/A,#N/A,#N/A,,#N/A,#N/A,#N/A,#N/A
30580,"Liberal, KS",-1.11,-1.18,-1.07,-0.86,-0.94,,0.06,-0.05,-0.25,-0.17,,-0.61,-1.39,-1.68,-1.31
30620,"Lima, OH",-0.03,-0.04,-0.08,0.05,0.05,,0.01,0.05,-0.08,-0.07,,0.03,0.36,-0.3,-0.16
30660,"Lincoln, IL",-1.28,-1.26,-1.24,-1.03,-0.96,,-0.02,-0.04,-0.24,-0.32,,-1.44,-1.41,-1.83,-1.84
30700,"Lincoln, NE",0.98,1.08,0.93,1.16,1.18,,-0.1,0.05,-0.18,-0.2,,0.16,1.45,0.5,0.65
30740,"Lincolnton, NC",#N/A,#N/A,-0.56,-0.56,-0.35,,#N/A,#N/A,#N/A,#N/A,,#N/A,#N/A,#N/A,#N/A
30780,"Little Rock-North Little Rock-Conway, AR",1.47,1.39,1.39,2.25,2.22,,0.08,0.08,-0.78,-0.76,,2.08,1.94,-0.47,0.35
30820,"Lock Haven, PA",-0.87,-1.13,-0.86,-0.9,-0.91,,0.25,-0.01,0.03,0.04,,1.18,-1.14,-0.82,-0.82
30860,"Logan, UT-ID",0.47,0.36,0.44,0.84,0.29,,0.11,0.03,-0.37,0.18,,1.33,0.62,-0.45,1.27
30900,"Logansport, IN",-0.94,-0.88,-1.01,-0.78,-0.79,,-0.06,0.07,-0.16,-0.15,,-1.43,-0.4,-1.41,-1.18
30940,"London, KY",-0.1,-0.08,-0.53,-0.82,-0.8,,-0.02,0.43,0.72,0.71,,-0.23,2.59,1.14,0.92
30980,"Longview, TX",0.5,0.53,0.47,1.03,1.22,,-0.03,0.03,-0.53,-0.71,,0.25,0.79,-0.79,-0.76
31020,"Longview, WA",-0.1,0,-0.15,-0.06,-0.19,,-0.1,0.04,-0.04,0.09,,-0.93,0.33,-0.26,0.14
31060,"Los Alamos, NM",-0.81,-1.22,-1.04,-1.2,-0.89,,0.41,0.22,0.39,0.08,,2.49,0.19,-0.16,-1.03
31100,"Los Angeles-Long Beach-Santa Ana, CA",#N/A,#N/A,4.63,3.78,3.81,,#N/A,#N/A,#N/A,#N/A,,#N/A,#N/A,#N/A,#N/A
31140,"Louisville/Jefferson County, KY-IN",2.09,2.06,2.03,1.71,1.8,,0.03,0.05,0.38,0.29,,2.35,2.45,2.89,2.41
31180,"Lubbock, TX",0.71,0.85,1.05,1.31,1.25,,-0.14,-0.33,-0.6,-0.54,,-0.41,-1.1,-0.39,-0.05
31260,"Lufkin, TX",-0.27,-0.38,-0.21,-0.31,-0.5,,0.12,-0.06,0.04,0.23,,0.67,-0.69,-0.14,0.24
31300,"Lumberton, NC",-0.56,-0.44,-0.4,-0.56,-0.59,,-0.13,-0.16,-0.01,0.03,,-1.6,-1.35,-0.44,-0.51
31340,"Lynchburg, VA",0.39,0.52,0.65,0.67,0.64,,-0.12,-0.25,-0.27,-0.24,,-0.59,-0.93,-0.02,0.04
31380,"Macomb, IL",-1.03,-1,-1.02,-0.99,-0.77,,-0.03,-0.01,-0.04,-0.26,,-1.3,-0.97,-1.13,-1.66
31420,"Macon-Bibb County, GA",0.57,0.54,0.59,1.75,1.65,,0.03,-0.01,-1.18,-1.08,,0.84,0.52,-2.19,-0.95
31420,"Macon, GA",0.57,0.54,0.59,1.75,1.65,,0.03,-0.01,-1.18,-1.08,,0.84,0.52,-2.19,-0.95
31460,"Madera, CA",-0.24,-0.07,-0.21,-0.23,-0.31,,-0.16,-0.03,-0.01,0.07,,-1.57,-0.16,-0.25,-0.07
31500,"Madison, IN",-0.92,-0.89,-0.84,-0.85,-0.73,,-0.03,-0.08,-0.07,-0.19,,-1.18,-1.27,-1.03,-1.34
31540,"Madison, WI",1.77,1.7,1.59,2.63,2.47,,0.07,0.18,-0.86,-0.69,,2.33,2.87,-0.44,0.88
31580,"Madisonville, KY",-0.71,-0.97,-0.92,-0.76,-0.89,,0.26,0.21,0.04,0.18,,1.36,0.36,-0.85,-0.33
31620,"Magnolia, AR",-0.99,-0.94,-0.9,-0.98,-1,,-0.05,-0.09,-0.02,0,,-1.41,-1.43,-0.96,-0.99
31660,"Malone, NY",-0.67,-0.86,-0.83,-0.56,-0.6,,0.2,0.16,-0.11,-0.07,,0.92,0.17,-1.1,-0.75
31700,"Manchester-Nashua, NH",1.52,1.53,1.64,1.25,1.53,,-0.01,-0.13,0.27,-0.01,,1.42,0.84,2.24,1.2
31740,"Manhattan, KS",-0.07,-0.03,-0.11,0.29,-0.36,,-0.04,0.04,-0.36,0.29,,-0.41,0.28,-0.97,0.99
31820,"Manitowoc, WI",-0.26,-0.16,-0.18,-0.31,-0.49,,-0.1,-0.08,0.05,0.24,,-1.09,-0.57,-0.09,0.26
31860,"Mankato-North Mankato, MN",0.17,0.14,0.18,0.09,-0.41,,0.02,-0.01,0.07,0.58,,0.36,0.14,0.32,1.51
31900,"Mansfield, OH",0.17,0.34,0.12,0.25,0.19,,-0.17,0.04,-0.08,-0.02,,-1.24,0.67,-0.1,0.18
31940,"Marinette, WI-MI",-0.59,-0.47,-0.4,-0.53,-0.57,,-0.13,-0.2,-0.06,-0.03,,-1.64,-1.58,-0.57,-0.63
31980,"Marion, IN",-0.7,-0.5,-0.61,-0.53,-0.61,,-0.2,-0.09,-0.17,-0.09,,-2.32,-0.99,-1.03,-0.77
32020,"Marion, OH",-0.52,-0.65,-0.77,-0.54,-0.54,,0.13,0.25,0.02,0.02,,0.53,0.9,-0.74,-0.51
32060,"Marion-Herrin, IL",#N/A,#N/A,-0.28,-0.54,-0.61,,#N/A,#N/A,#N/A,#N/A,,#N/A,#N/A,#N/A,#N/A
32100,"Marquette, MI",-0.28,-0.48,-0.44,-0.45,-0.5,,0.2,0.16,0.17,0.22,,1.37,0.56,-0.06,0.08
32140,"Marshall, MN",-0.93,-0.86,-0.88,-0.97,-0.74,,-0.07,-0.05,0.04,-0.18,,-1.52,-1.06,-0.8,-1.45
32180,"Marshall, MO",-1.18,-1.24,-1.04,-1.15,-1.3,,0.06,-0.14,-0.03,0.12,,-0.69,-2,-1.14,-0.88
32220,"Marshall, TX",-0.32,-0.42,-0.57,-0.81,-0.81,,0.1,0.24,0.49,0.49,,0.45,1.12,0.55,0.38
32260,"Marshalltown, IA",-0.93,-0.78,-0.59,-0.71,-0.9,,-0.15,-0.34,-0.22,-0.03,,-2.12,-2.75,-1.13,-0.8
32270,"Marshfield-Wisconsin Rapids, WI",#N/A,#N/A,-0.45,#N/A,#N/A,,#N/A,#N/A,#N/A,#N/A,,#N/A,#N/A,#N/A,#N/A
32280,"Martin, TN",-1.28,-1.3,-1.12,#N/A,#N/A,,0.02,-0.16,#N/A,#N/A,,-1.12,-2.18,#N/A,#N/A
32300,"Martinsville, VA",-0.32,-0.48,-0.37,-0.48,-0.68,,0.15,0.05,0.15,0.35,,0.91,-0.12,-0.04,0.38
32340,"Maryville, MO",-1.05,-0.91,-0.94,-0.99,-0.99,,-0.13,-0.1,-0.05,-0.06,,-2.14,-1.48,-1.1,-1.17
32380,"Mason City, IA",-0.31,-0.02,-0.32,0.09,-0.15,,-0.29,0.01,-0.4,-0.16,,-2.64,0.13,-1.27,-0.33
32460,"Mayfield, KY",-0.79,-0.83,-0.8,-0.92,-0.89,,0.04,0,0.13,0.09,,-0.5,-0.74,-0.52,-0.71
32500,"Maysville, KY",-1.2,-1.27,-1.39,-0.68,-0.45,,0.07,0.19,-0.52,-0.75,,-0.65,-0.02,-2.63,-2.57
32540,"McAlester, OK",-0.72,-0.69,-0.59,-0.77,-0.89,,-0.04,-0.13,0.04,0.17,,-1.01,-1.43,-0.51,-0.37
32580,"McAllen-Edinburg-Mission, TX",1.13,1.14,1.16,1.3,1.23,,-0.01,-0.03,-0.16,-0.1,,1.04,1.05,0.76,1.03
32620,"McComb, MS",-0.89,-0.64,-0.58,-0.18,-0.18,,-0.25,-0.31,-0.71,-0.71,,-2.9,-2.42,-2.26,-1.96
32660,"McMinnville, TN",-0.78,-0.71,-0.65,-0.54,-0.7,,-0.07,-0.14,-0.24,-0.08,,-1.39,-1.46,-1.23,-0.76
32700,"McPherson, KS",-0.65,-0.6,-0.55,-0.63,-0.44,,-0.05,-0.1,-0.02,-0.21,,-1.09,-1.16,-0.62,-1.18
32740,"Meadville, PA",-0.13,-0.17,-0.22,-0.32,-0.08,,0.04,0.09,0.19,-0.05,,0.18,0.42,0.2,-0.46
32780,"Medford, OR",0.68,0.89,0.88,0.7,0.83,,-0.21,-0.2,-0.02,-0.15,,-1.03,-0.28,0.82,0.3
32820,"Memphis, TN-MS-AR",2.03,2.1,2.14,1.69,1.76,,-0.08,-0.11,0.34,0.27,,1.4,1.52,2.89,2.33
32860,"Menomonie, WI",-0.75,-0.65,-0.73,-0.8,-0.73,,-0.1,-0.02,0.05,-0.02,,-1.56,-0.7,-0.64,-0.86
32900,"Merced, CA",0.06,0.09,0.07,0.07,0.11,,-0.03,-0.01,-0.01,-0.05,,-0.17,0.1,0.01,-0.08
32940,"Meridian, MS",-0.07,-0.15,-0.14,0.61,0.65,,0.09,0.07,-0.68,-0.72,,0.62,0.35,-1.74,-1.2
32980,"Merrill, WI",-0.94,-1.07,-1.02,-0.64,-0.58,,0.13,0.08,-0.3,-0.36,,0.11,-0.5,-1.75,-1.56
33020,"Mexico, MO",-1.15,-0.92,-0.95,-1,-1.23,,-0.23,-0.2,-0.15,0.08,,-3.02,-2.05,-1.33,-0.81
33060,"Miami, OK",-0.98,-0.85,-0.54,-0.94,-0.91,,-0.13,-0.44,-0.04,-0.07,,-2.07,-3.44,-0.66,-1.12
33100,"Miami-Fort Lauderdale-West Palm Beach, FL",3.11,3.18,3.25,2.28,2.26,,-0.06,-0.13,0.84,0.86,,2.6,2.44,5.17,4.39
33100,"Miami-Fort Lauderdale-Pompano Beach, FL",3.11,3.18,3.25,2.28,2.26,,-0.06,-0.13,0.84,0.86,,2.6,2.44,5.17,4.39
33140,"Michigan City-La Porte, IN",0.14,0.14,0.16,-0.26,-0.18,,0,-0.02,0.4,0.32,,0.15,0.11,1.07,0.5
33180,"Middlesborough, KY",-1.11,-1.15,-1.13,-0.86,-1.01,,0.03,0.02,-0.25,-0.1,,-0.84,-0.98,-1.75,-1.14
33220,"Midland, MI",-0.12,-0.02,-0.32,-0.2,-0.18,,-0.11,0.2,0.08,0.06,,-1,1.25,-0.16,-0.07
33260,"Midland, TX",0.75,0.61,0.51,0.44,0.55,,0.14,0.24,0.31,0.2,,1.84,2.11,1.21,0.92
33300,"Milledgeville, GA",-0.84,-0.93,-0.98,-0.74,-0.62,,0.09,0.14,-0.1,-0.23,,-0.1,-0.01,-1.25,-1.32
33340,"Milwaukee-Waukesha-West Allis, WI",3,2.84,2.93,0.79,1.13,,0.16,0.07,2.21,1.87,,4.3,3.33,8.08,5.42
33380,"Minden, LA",#N/A,#N/A,-0.86,-0.8,-0.8,,#N/A,#N/A,#N/A,#N/A,,#N/A,#N/A,#N/A,#N/A
33420,"Mineral Wells, TX",-0.9,-0.93,-0.98,-1.1,-1.19,,0.03,0.08,0.2,0.29,,-0.66,-0.38,-0.53,-0.41
33460,"Minneapolis-St. Paul-Bloomington, MN-WI",3.19,3.26,3.29,2.39,2.26,,-0.07,-0.11,0.8,0.93,,2.58,2.69,5.14,4.68
33500,"Minot, ND",-0.09,-0.27,-0.21,0.07,0.18,,0.18,0.12,-0.16,-0.26,,1.38,0.53,-0.6,-0.61
33540,"Missoula, MT",0.5,0.62,0.66,0.28,0.63,,-0.12,-0.16,0.22,-0.13,,-0.49,-0.29,1.16,-0.06
33580,"Mitchell, SD",-0.81,-0.63,-0.85,-0.97,-0.94,,-0.18,0.04,0.15,0.12,,-2.26,-0.33,-0.52,-0.68
33620,"Moberly, MO",-1.01,-0.96,-0.76,-1.1,-0.99,,-0.05,-0.24,0.09,-0.01,,-1.43,-2.36,-0.57,-1.15
33660,"Mobile, AL",1.14,1.15,1.09,1.36,1.18,,-0.01,0.05,-0.21,-0.04,,1.05,1.54,0.56,1.24
33700,"Modesto, CA",1.17,1.08,1.12,1.2,1.24,,0.1,0.05,-0.02,-0.07,,1.97,1.46,1.05,1
33740,"Monroe, LA",0.47,0.47,0.44,1.09,1.14,,0,0.03,-0.62,-0.67,,0.49,0.75,-1.03,-0.59
33780,"Monroe, MI",-0.19,-0.2,-0.21,-0.15,-0.25,,0.01,0.02,-0.04,0.05,,-0.16,-0.02,-0.34,-0.04
33820,"Monroe, WI",#N/A,#N/A,-0.44,-0.87,-0.91,,#N/A,#N/A,#N/A,#N/A,,#N/A,#N/A,#N/A,#N/A
33860,"Montgomery, AL",0.89,0.89,0.91,2.27,1.79,,0,-0.03,-1.39,-0.9,,0.84,0.8,-2.35,0.01
33940,"Montrose, CO",-0.41,-0.31,-0.67,-0.53,-0.57,,-0.1,0.26,0.12,0.16,,-1.21,1.33,-0.42,-0.16
33980,"Morehead City, NC",-0.11,-0.12,-0.29,-0.25,-0.4,,0.01,0.18,0.14,0.29,,-0.07,1.01,0.02,0.44
34020,"Morgan City, LA",0.22,0.32,0.02,-0.07,-0.1,,-0.1,0.2,0.3,0.32,,-0.58,1.6,0.69,0.7
34060,"Morgantown, WV",0.01,-0.15,-0.17,-0.21,-0.09,,0.15,0.18,0.22,0.09,,1.24,0.98,0.33,0
34100,"Morristown, TN",-0.26,-0.12,-0.15,0.35,0.31,,-0.15,-0.11,-0.61,-0.58,,-1.47,-0.74,-1.61,-1.11
34140,"Moscow, ID",-0.61,-0.63,-0.58,-0.87,-0.68,,0.02,-0.02,0.26,0.07,,-0.44,-0.69,0.01,-0.72
34180,"Moses Lake, WA",-0.31,-0.3,-0.41,-0.46,-0.32,,-0.01,0.1,0.15,0.01,,-0.38,0.36,-0.07,-0.46
34220,"Moultrie, GA",-0.81,-0.93,-1.07,-0.68,-0.8,,0.12,0.26,-0.13,-0.01,,0.12,0.69,-1.4,-0.73
34260,"Mountain Home, AR",-0.48,-0.54,-0.66,-0.79,-0.48,,0.06,0.18,0.31,0,,0.01,0.62,0.04,-0.81
34300,"Mountain Home, ID",-1.04,-1.18,-0.91,-1.35,-1.38,,0.13,-0.13,0.3,0.34,,0.04,-1.9,-0.23,-0.52
34340,"Mount Airy, NC",-0.36,-0.23,-0.38,-0.53,-0.39,,-0.13,0.02,0.17,0.03,,-1.45,-0.04,-0.02,-0.48
34380,"Mount Pleasant, MI",-0.48,-0.31,-0.41,-0.54,-0.43,,-0.18,-0.08,0.06,-0.05,,-1.93,-0.71,-0.29,-0.7
34420,"Mount Pleasant, TX",-1.03,-1.05,-0.99,-0.89,-0.93,,0.02,-0.04,-0.14,-0.11,,-0.88,-1.25,-1.35,-1.18
34460,"Mount Sterling, KY",-1.15,-1.17,-1.15,-0.76,0.17,,0.02,0,-0.39,-1.32,,-0.96,-1.08,-2.09,-4.06
34500,"Mount Vernon, IL",-0.79,-0.89,-0.74,0.02,-0.07,,0.1,-0.05,-0.81,-0.71,,0.05,-1.11,-2.66,-1.78
34540,"Mount Vernon, OH",-0.72,-0.96,-0.79,-0.96,-0.85,,0.24,0.07,0.24,0.13,,1.25,-0.48,-0.24,-0.66
34580,"Mount Vernon-Anacortes, WA",0.32,0.46,0.44,0.22,0.16,,-0.15,-0.12,0.1,0.16,,-0.88,-0.21,0.64,0.58
34620,"Muncie, IN",-0.07,0.11,0.12,0.06,0.25,,-0.18,-0.19,-0.13,-0.31,,-1.5,-0.97,-0.21,-0.73
34660,"Murray, KY",-0.87,-0.77,-0.94,-0.82,-0.91,,-0.09,0.08,-0.04,0.04,,-1.64,-0.24,-1.07,-0.74
34700,"Muscatine, IA",-0.91,-0.47,-0.72,-0.7,-0.73,,-0.44,-0.19,-0.21,-0.18,,-4.48,-1.54,-1.24,-1.16
34740,"Muskegon, MI",0.58,0.57,0.4,0.44,0.53,,0.01,0.18,0.13,0.04,,0.65,1.73,0.68,0.53
34740,"Muskegon-Norton Shores, MI",0.58,0.57,0.4,0.44,0.53,,0.01,0.18,0.13,0.04,,0.65,1.73,0.68,0.53
34780,"Muskogee, OK",-0.51,-0.49,-0.47,-0.6,-0.44,,-0.02,-0.04,0.09,-0.07,,-0.66,-0.68,-0.29,-0.8
34820,"Myrtle Beach-Conway-North Myrtle Beach, SC-NC",0.63,0.72,0.72,0.78,0.77,,-0.1,-0.09,-0.15,-0.14,,-0.17,0.26,0.34,0.4
34820,"Myrtle Beach-Conway-North Myrtle Beach, SC",0.63,0.72,0.72,0.78,0.77,,-0.1,-0.09,-0.15,-0.14,,-0.17,0.26,0.34,0.4
34860,"Nacogdoches, TX",-0.42,-0.26,-0.48,-0.77,-0.55,,-0.16,0.06,0.35,0.13,,-1.73,0.16,0.32,-0.46
34900,"Napa, CA",0.58,0.69,0.67,0.65,0.6,,-0.11,-0.09,-0.06,-0.01,,-0.28,0.22,0.5,0.6
34940,"Naples-Immokalee-Marco Island, FL",1.04,0.99,1.14,1.17,1.15,,0.04,-0.1,-0.14,-0.11,,1.37,0.44,0.79,0.87
34940,"Naples-Marco Island, FL",1.04,0.99,1.14,1.17,1.15,,0.04,-0.1,-0.14,-0.11,,1.37,0.44,0.79,0.87
34980,"Nashville-Davidson--Murfreesboro--Franklin, TN",2.38,2.38,2.28,2.12,1.88,,0,0.1,0.26,0.5,,2.39,3.07,2.86,3.34
35020,"Natchez, MS-LA",-0.66,-0.53,-0.58,-0.72,-0.76,,-0.13,-0.08,0.06,0.1,,-1.76,-0.97,-0.45,-0.51
35060,"Natchitoches, LA",-1.05,-1.02,-0.97,-0.9,-0.92,,-0.04,-0.08,-0.15,-0.13,,-1.36,-1.43,-1.35,-1.25
35100,"New Bern, NC",-0.09,-0.04,0.08,0.63,0.35,,-0.06,-0.17,-0.73,-0.44,,-0.56,-1,-1.65,-0.49
35140,"Newberry, SC",-0.94,-1.18,-0.82,-1.09,-1.11,,0.24,-0.12,0.15,0.17,,1.03,-1.84,-0.49,-0.69
35220,"New Castle, IN",-1.06,-1.05,-0.85,-0.97,-0.98,,-0.01,-0.21,-0.09,-0.08,,-1.11,-2.27,-1.07,-1.18
35260,"New Castle, PA",-0.15,-0.2,-0.16,-0.21,-0.28,,0.06,0.01,0.07,0.13,,0.29,-0.1,-0.03,0.1
35300,"New Haven-Milford, CT",2.23,2.16,2.3,2.08,2.22,,0.07,-0.07,0.16,0.02,,2.81,1.82,2.64,2.1
35340,"New Iberia, LA",#N/A,#N/A,-0.29,-0.2,-0.17,,#N/A,#N/A,#N/A,#N/A,,#N/A,#N/A,#N/A,#N/A
35380,"New Orleans-Metairie, LA",1.91,1.88,1.89,2.26,1.95,,0.03,0.02,-0.35,-0.04,,2.16,2.09,1.04,2.13
35380,"New Orleans-Metairie-Kenner, LA",1.91,1.88,1.89,2.26,1.95,,0.03,0.02,-0.35,-0.04,,2.16,2.09,1.04,2.13
35420,"New Philadelphia-Dover, OH",0.01,-0.1,-0.09,-0.13,-0.22,,0.11,0.09,0.13,0.23,,0.89,0.52,0.2,0.42
35460,"Newport, TN",-1.04,-0.78,-1.02,-1.02,-1.14,,-0.26,-0.02,-0.02,0.1,,-3.15,-0.81,-1.09,-0.79
35500,"Newton, IA",-1.09,-0.9,-0.87,-1.03,-1.08,,-0.2,-0.22,-0.07,-0.01,,-2.69,-2.17,-1.05,-1.06
35580,"New Ulm, MN",-0.86,-0.82,-0.89,-0.84,-0.85,,-0.04,0.03,-0.01,-0.01,,-1.2,-0.56,-0.95,-0.9
35620,"New York-Newark-Jersey City, NY-NJ-PA",3.8,4.03,4.32,3.88,4.15,,-0.23,-0.52,-0.09,-0.35,,1.9,0.96,4.09,2.99
35620,"New York-Northern New Jersey-Long Island, NY-NJ-PA",3.8,4.03,4.32,3.88,4.15,,-0.23,-0.52,-0.09,-0.35,,1.9,0.96,4.09,2.99
35660,"Niles-Benton Harbor, MI",0.56,0.56,0.48,0.5,0.49,,0.01,0.09,0.06,0.07,,0.61,1.14,0.6,0.66
35700,"Nogales, AZ",0.11,0.09,-0.12,-0.36,-0.13,,0.03,0.24,0.47,0.24,,0.31,1.59,0.95,0.22
35740,"Norfolk, NE",-0.45,-0.39,-0.42,-0.24,-0.07,,-0.06,-0.02,-0.2,-0.38,,-0.91,-0.48,-0.93,-1.21
35820,"North Platte, NE",-0.54,-0.5,-0.58,-0.78,-0.7,,-0.04,0.04,0.24,0.16,,-0.89,-0.21,-0.04,-0.41
35860,"North Vernon, IN",-1.03,-0.9,-0.84,-0.99,-1.07,,-0.13,-0.18,-0.03,0.04,,-2.05,-1.94,-0.94,-0.92
35900,"North Wilkesboro, NC",-0.68,-0.73,-0.47,-0.86,-0.81,,0.05,-0.21,0.18,0.12,,-0.27,-1.91,-0.08,-0.57
35940,"Norwalk, OH",-0.83,-0.81,-0.61,-0.77,-0.72,,-0.02,-0.22,-0.07,-0.11,,-1.03,-2.07,-0.79,-1.07
35980,"Norwich-New London, CT",0.6,0.58,0.61,0.45,0.47,,0.02,-0.01,0.15,0.12,,0.75,0.56,0.95,0.73
36020,"Oak Harbor, WA",-0.09,-0.1,-0.08,-0.12,-0.14,,0.01,-0.02,0.03,0.05,,-0.02,-0.14,-0.04,-0.02
36060,"Oak Hill, WV",#N/A,#N/A,-0.78,-0.88,-0.89,,#N/A,#N/A,#N/A,#N/A,,#N/A,#N/A,#N/A,#N/A
36100,"Ocala, FL",0.74,0.66,0.7,0.84,0.79,,0.08,0.04,-0.1,-0.05,,1.39,0.98,0.45,0.7
36140,"Ocean City, NJ",0.26,0.35,0.19,0.17,0.11,,-0.08,0.08,0.1,0.15,,-0.41,0.88,0.39,0.52
36180,"Ocean Pines, MD",#N/A,#N/A,0.1,-0.12,-0.02,,#N/A,#N/A,#N/A,#N/A,,#N/A,#N/A,#N/A,#N/A
36220,"Odessa, TX",0.46,0.71,0.46,0.39,0.53,,-0.25,0,0.07,-0.07,,-1.6,0.79,0.61,0.2
36260,"Ogden-Clearfield, UT",1.37,1.27,1.19,0.85,0.63,,0.11,0.18,0.52,0.75,,2.22,2.43,2.39,2.68
36300,"Ogdensburg-Massena, NY",-0.4,-0.5,-0.34,-0.46,-0.32,,0.1,-0.06,0.06,-0.07,,0.37,-0.77,-0.23,-0.66
36340,"Oil City, PA",-0.57,-0.5,-0.63,-0.77,-0.76,,-0.07,0.06,0.2,0.19,,-1.13,-0.05,-0.19,-0.31
36380,"Okeechobee, FL",-0.8,-0.94,-0.7,-0.81,-0.99,,0.14,-0.1,0.01,0.19,,0.36,-1.48,-0.7,-0.35
36420,"Oklahoma City, OK",1.66,1.68,1.81,1.95,1.75,,-0.02,-0.15,-0.29,-0.09,,1.46,0.85,1.12,1.7
36460,"Olean, NY",-0.23,-0.44,-0.2,-0.5,-0.54,,0.21,-0.03,0.27,0.31,,1.5,-0.53,0.41,0.25
36500,"Olympia-Tumwater, WA",0.64,0.81,0.71,0.58,0.69,,-0.17,-0.07,0.06,-0.05,,-0.75,0.43,0.82,0.43
36500,"Olympia, WA",0.64,0.81,0.71,0.58,0.69,,-0.17,-0.07,0.06,-0.05,,-0.75,0.43,0.82,0.43
36540,"Omaha-Council Bluffs, NE-IA",1.63,1.71,1.57,1.02,1.33,,-0.07,0.07,0.61,0.3,,1.02,2.17,2.97,1.75
36580,"Oneonta, NY",-0.36,-0.42,-0.25,-0.36,-0.56,,0.05,-0.11,0,0.2,,0.04,-1.03,-0.28,0.11
36620,"Ontario, OR-ID",-0.66,-0.63,-0.67,-0.57,-0.68,,-0.03,0.01,-0.09,0.02,,-0.92,-0.48,-0.9,-0.54
36660,"Opelousas, LA",-0.62,-0.5,-0.4,-0.62,-0.49,,-0.12,-0.22,0,-0.13,,-1.59,-1.73,-0.44,-0.97
36660,"Opelousas-Eunice, LA",-0.62,-0.5,-0.4,-0.62,-0.49,,-0.12,-0.22,0,-0.13,,-1.59,-1.73,-0.44,-0.97
36700,"Orangeburg, SC",-0.58,-0.57,-0.62,-0.32,-0.47,,-0.01,0.04,-0.26,-0.1,,-0.65,-0.24,-1.25,-0.59
36740,"Orlando-Kissimmee-Sanford, FL",2.3,2.27,2.35,1.07,0.73,,0.03,-0.05,1.22,1.57,,2.51,2.04,5.18,4.95
36740,"Orlando-Kissimmee, FL",2.3,2.27,2.35,1.07,0.73,,0.03,-0.05,1.22,1.57,,2.51,2.04,5.18,4.95
36780,"Oshkosh-Neenah, WI",0.69,0.64,0.66,0.63,0.53,,0.05,0.03,0.05,0.16,,1.12,0.88,0.76,1.01
36820,"Oskaloosa, IA",-1.1,-0.86,-1.16,-1.18,-1.2,,-0.24,0.06,0.08,0.1,,-3.03,-0.4,-1.01,-0.95
36860,"Ottawa-Peru, IL",-0.05,0.05,0.08,0.52,0.22,,-0.11,-0.13,-0.57,-0.27,,-0.92,-0.67,-1.28,-0.18
36860,"Ottawa-Streator, IL",-0.05,0.05,0.08,0.52,0.22,,-0.11,-0.13,-0.57,-0.27,,-0.92,-0.67,-1.28,-0.18
36900,"Ottumwa, IA",-0.8,-0.72,-0.87,-0.97,-0.98,,-0.08,0.07,0.18,0.18,,-1.42,-0.2,-0.49,-0.55
36940,"Owatonna, MN",-0.68,-0.59,-0.44,-0.43,-0.71,,-0.09,-0.23,-0.25,0.04,,-1.4,-1.93,-1.05,-0.36
36980,"Owensboro, KY",-0.01,0.03,0.02,0.42,0.45,,-0.05,-0.03,-0.43,-0.46,,-0.42,-0.1,-1.02,-0.75
37020,"Owosso, MI",-0.38,-0.54,-0.64,-0.71,-0.46,,0.16,0.25,0.32,0.08,,0.88,1.06,0.09,-0.53
37060,"Oxford, MS",-0.49,-0.44,-0.48,-0.42,-0.84,,-0.05,-0.01,-0.08,0.35,,-0.9,-0.44,-0.68,0.43
37100,"Oxnard-Thousand Oaks-Ventura, CA",1.89,1.85,1.85,2.11,2.13,,0.04,0.04,-0.21,-0.23,,2.21,2.18,1.32,1.5
37140,"Paducah, KY-IL",0.07,0.05,-0.11,0.29,0.57,,0.02,0.17,-0.22,-0.5,,0.21,1.17,-0.65,-0.98
37220,"Pahrump, NV",-0.73,-0.91,-0.83,-0.46,-0.97,,0.18,0.1,-0.26,0.25,,0.72,-0.21,-1.48,0.13
37260,"Palatka, FL",-0.52,-0.57,-0.69,-0.51,-0.72,,0.05,0.17,-0.01,0.2,,-0.1,0.53,-0.73,-0.03
37300,"Palestine, TX",-0.91,-0.62,-0.87,-1.12,-1.03,,-0.28,-0.04,0.21,0.12,,-3.22,-0.8,-0.39,-0.85
37340,"Palm Bay-Melbourne-Titusville, FL",1.17,1.29,1.19,1.38,1.29,,-0.12,-0.02,-0.21,-0.11,,0.21,1.24,0.68,1.07
37380,"Palm Coast, FL",#N/A,#N/A,0.03,-0.03,-0.21,,#N/A,#N/A,#N/A,#N/A,,#N/A,#N/A,#N/A,#N/A
37420,"Pampa, TX",-0.94,-1.03,-0.86,-0.75,-0.99,,0.09,-0.08,-0.18,0.05,,-0.21,-1.45,-1.31,-0.64
37460,"Panama City, FL",0.54,0.62,0.62,0.61,0.75,,-0.07,-0.07,-0.07,-0.21,,-0.05,0.26,0.43,0.07
37460,"Panama City-Lynn Haven, FL",0.54,0.62,0.62,0.61,0.75,,-0.07,-0.07,-0.07,-0.21,,-0.05,0.26,0.43,0.07
37500,"Paragould, AR",-0.88,-0.92,-0.88,-0.76,-0.86,,0.03,0,-0.12,-0.02,,-0.61,-0.85,-1.19,-0.84
37540,"Paris, TN",-0.91,-1.07,-1.02,-0.83,-0.86,,0.15,0.11,-0.08,-0.05,,0.32,-0.32,-1.23,-0.98
37580,"Paris, TX",-0.48,-0.56,-0.61,-0.49,-0.54,,0.07,0.12,0,0.06,,0.11,0.25,-0.62,-0.37
37620,"Parkersburg-Vienna, WV",-0.16,0.11,0.38,0.89,0.58,,-0.26,-0.54,-1.05,-0.74,,-2.31,-3.08,-2.08,-0.96
37620,"Parkersburg-Marietta-Vienna, WV-OH",-0.16,0.11,0.38,0.89,0.58,,-0.26,-0.54,-1.05,-0.74,,-2.31,-3.08,-2.08,-0.96
37660,"Parsons, KS",-1.1,-0.97,-1.17,-1.26,-1.06,,-0.14,0.07,0.15,-0.05,,-2.23,-0.48,-0.84,-1.39
37700,"Pascagoula, MS",#N/A,#N/A,-0.05,0.21,0.33,,#N/A,#N/A,#N/A,#N/A,,#N/A,#N/A,#N/A,#N/A
37740,"Payson, AZ",-0.45,-0.46,-0.84,-0.78,-0.73,,0.01,0.39,0.34,0.28,,-0.35,1.96,-0.08,-0.1
37780,"Pecos, TX",-1.21,-1.36,-1.71,-1.32,-0.73,,0.15,0.5,0.11,-0.48,,0.01,1.73,-1.48,-2.53
37800,"Pella, IA",#N/A,#N/A,-0.73,#N/A,#N/A,,#N/A,#N/A,#N/A,#N/A,,#N/A,#N/A,#N/A,#N/A
37820,"Pendleton-Hermiston, OR",#N/A,#N/A,-0.47,-0.15,-0.26,,#N/A,#N/A,#N/A,#N/A,,#N/A,#N/A,#N/A,#N/A
37860,"Pensacola-Ferry Pass-Brent, FL",0.79,0.64,0.94,0.82,0.43,,0.14,-0.15,-0.04,0.36,,1.94,-0.2,0.83,1.69
37900,"Peoria, IL",0.86,1.03,0.95,1.07,1.49,,-0.17,-0.09,-0.22,-0.63,,-0.52,0.54,0.42,-0.52
37940,"Peru, IN",-1.01,-0.89,-0.93,-1.12,-0.91,,-0.12,-0.08,0.11,-0.1,,-2.03,-1.33,-0.7,-1.4
37980,"Philadelphia-Camden-Wilmington, PA-NJ-DE-MD",3.41,3.37,3.55,3.86,3.9,,0.04,-0.14,-0.45,-0.49,,3.74,2.58,2.49,2.62
38020,"Phoenix Lake-Cedar Ridge, CA",#N/A,#N/A,-0.45,-0.35,-0.49,,#N/A,#N/A,#N/A,#N/A,,#N/A,#N/A,#N/A,#N/A
38060,"Phoenix-Mesa-Scottsdale, AZ",2.66,2.87,2.91,2.21,2.42,,-0.21,-0.25,0.45,0.24,,0.91,1.44,3.94,2.77
38100,"Picayune, MS",-1,-1.15,-1.07,-0.8,-0.92,,0.15,0.06,-0.21,-0.08,,0.2,-0.7,-1.57,-1.02
38180,"Pierre, SD",-0.58,-0.29,-0.41,-0.25,-0.74,,-0.29,-0.17,-0.33,0.16,,-2.93,-1.25,-1.21,0.12
38200,"Pierre Part, LA",#N/A,#N/A,-0.59,-1.06,-1.24,,#N/A,#N/A,#N/A,#N/A,,#N/A,#N/A,#N/A,#N/A
38220,"Pine Bluff, AR",-0.44,-0.49,-0.39,0.07,0.28,,0.05,-0.05,-0.51,-0.72,,-0.07,-0.75,-1.6,-1.74
38260,"Pittsburg, KS",-1.01,-0.8,-0.87,-0.77,-0.74,,-0.2,-0.13,-0.23,-0.27,,-2.65,-1.53,-1.44,-1.47
38300,"Pittsburgh, PA",2.68,2.44,2.64,1.6,1.42,,0.24,0.04,1.08,1.26,,4.6,2.73,5.15,4.71
38340,"Pittsfield, MA",0.4,0.71,0.6,0.46,0.45,,-0.31,-0.19,-0.06,-0.04,,-2.1,-0.39,0.44,0.34
38380,"Plainview, TX",-0.96,-0.86,-0.95,-0.99,-0.98,,-0.1,-0.01,0.03,0.02,,-1.79,-0.87,-0.9,-0.96
38420,"Platteville, WI",-0.75,-0.74,-0.59,-0.69,-0.68,,-0.01,-0.16,-0.06,-0.07,,-0.84,-1.63,-0.76,-0.9
38460,"Plattsburgh, NY",-0.28,-0.13,-0.27,-0.34,-0.4,,-0.15,-0.01,0.07,0.12,,-1.47,-0.11,-0.14,-0.08
38500,"Plymouth, IN",-0.57,-0.61,-0.49,-0.87,-0.87,,0.05,-0.08,0.3,0.31,,-0.2,-1,0.18,-0.13
38540,"Pocatello, ID",-0.02,0.02,-0.1,0.13,0.06,,-0.04,0.07,-0.15,-0.08,,-0.38,0.53,-0.48,-0.1
38580,"Point Pleasant, WV-OH",-0.8,-0.79,-0.6,-0.59,-0.72,,0,-0.2,-0.21,-0.08,,-0.84,-1.92,-1.11,-0.8
38620,"Ponca City, OK",-0.6,-0.54,-0.61,-0.68,-0.7,,-0.06,0.01,0.08,0.1,,-1.07,-0.42,-0.44,-0.46
38700,"Pontiac, IL",-0.92,-0.88,-0.83,-0.88,-0.92,,-0.04,-0.08,-0.03,0,,-1.25,-1.32,-0.94,-0.91
38740,"Poplar Bluff, MO",-0.71,-0.71,-0.59,-0.7,-0.72,,0,-0.12,-0.01,0.01,,-0.73,-1.39,-0.64,-0.69
38780,"Portales, NM",-1.25,-1.22,-1.27,-1.16,-1.27,,-0.03,0.01,-0.1,0.02,,-1.54,-1.06,-1.52,-1.13
38820,"Port Angeles, WA",-0.24,-0.1,-0.19,-0.37,-0.36,,-0.14,-0.05,0.14,0.12,,-1.37,-0.31,0.1,-0.08
38860,"Portland-South Portland, ME",1.58,1.49,1.65,0.13,0.87,,0.09,-0.07,1.44,0.71,,2.31,1.15,4.99,1.88
38860,"Portland-South Portland-Biddeford, ME",1.58,1.49,1.65,0.13,0.87,,0.09,-0.07,1.44,0.71,,2.31,1.15,4.99,1.88
38900,"Portland-Vancouver-Hillsboro, OR-WA",2.94,2.75,2.73,3.01,2.68,,0.19,0.21,-0.08,0.26,,4.44,4.07,2.52,3.63
38900,"Portland-Vancouver-Beaverton, OR-WA",2.94,2.75,2.73,3.01,2.68,,0.19,0.21,-0.08,0.26,,4.44,4.07,2.52,3.63
38940,"Port St. Lucie, FL",0.99,1.03,0.87,0.37,0.39,,-0.04,0.12,0.62,0.59,,0.65,1.82,2.29,1.82
39020,"Portsmouth, OH",-0.87,-0.99,-0.79,-1.03,-0.7,,0.12,-0.08,0.16,-0.17,,0.12,-1.41,-0.44,-1.48
39060,"Pottsville, PA",-0.05,-0.1,0.07,-0.09,0.19,,0.05,-0.13,0.04,-0.25,,0.32,-0.8,0.14,-0.73
39100,"Poughkeepsie-Newburgh-Middletown, NY",#N/A,#N/A,1.37,0.71,0.8,,#N/A,#N/A,#N/A,#N/A,,#N/A,#N/A,#N/A,#N/A
39140,"Prescott, AZ",0.71,0.6,0.49,0.54,0.57,,0.11,0.22,0.17,0.15,,1.63,1.99,0.87,0.88
39220,"Price, UT",-0.85,-1.11,-0.92,-0.92,-0.99,,0.26,0.06,0.07,0.14,,1.24,-0.66,-0.79,-0.59
39260,"Prineville, OR",-0.83,-0.98,-0.79,-1.02,-1.18,,0.14,-0.05,0.19,0.34,,0.31,-1.19,-0.37,-0.19
39300,"Providence-Warwick, RI-MA",2.45,2.41,2.54,1.61,1.67,,0.04,-0.08,0.84,0.79,,2.8,1.98,4.47,3.55
39300,"Providence-New Bedford-Fall River, RI-MA",2.45,2.41,2.54,1.61,1.67,,0.04,-0.08,0.84,0.79,,2.8,1.98,4.47,3.55
39340,"Provo-Orem, UT",1.63,1.62,1.35,1.71,1.58,,0.01,0.29,-0.07,0.05,,1.71,3.43,1.15,1.81
39380,"Pueblo, CO",-0.01,0.04,0.07,0.1,0.2,,-0.05,-0.08,-0.12,-0.21,,-0.45,-0.38,-0.22,-0.43
39420,"Pullman, WA",-0.96,-0.89,-1.07,-1.05,-0.87,,-0.07,0.11,0.09,-0.09,,-1.52,-0.15,-0.88,-1.29
39460,"Punta Gorda, FL",0.37,0.44,0.23,0.35,0.27,,-0.07,0.15,0.03,0.1,,-0.19,1.4,0.26,0.57
39500,"Quincy, IL-MO",-0.17,-0.23,-0.02,0.5,0.38,,0.06,-0.15,-0.67,-0.55,,0.33,-1.05,-1.61,-0.89
39540,"Racine, WI",0.51,0.46,0.57,0.5,0.52,,0.05,-0.06,0.01,-0.01,,0.89,0.18,0.56,0.45
39580,"Raleigh, NC",1.76,1.84,1.79,2.08,1.85,,-0.07,-0.03,-0.32,-0.09,,1.17,1.73,1.02,1.84
39580,"Raleigh-Cary, NC",1.76,1.84,1.79,2.08,1.85,,-0.07,-0.03,-0.32,-0.09,,1.17,1.73,1.02,1.84
39660,"Rapid City, SD",0.47,0.49,0.52,-0.1,0.67,,-0.02,-0.05,0.57,-0.2,,0.27,0.24,1.82,-0.63
39700,"Raymondville, TX",-1,-0.59,-0.24,-1.36,-1.25,,-0.41,-0.76,0.36,0.25,,-4.32,-5.12,0.59,-0.75
39740,"Reading, PA",1.2,1.27,1.31,1.22,1.13,,-0.08,-0.12,-0.03,0.07,,0.56,0.64,1.23,1.37
39780,"Red Bluff, CA",-0.84,-0.83,-0.55,-0.7,-0.77,,-0.01,-0.3,-0.14,-0.07,,-0.93,-2.55,-0.91,-0.89
39820,"Redding, CA",0.32,0.27,0.51,0.45,0.46,,0.05,-0.19,-0.13,-0.15,,0.73,-0.79,0.18,0.06
39860,"Red Wing, MN",-0.6,-0.62,-0.54,-0.59,-0.63,,0.02,-0.06,-0.01,0.03,,-0.46,-0.9,-0.59,-0.52
39900,"Reno, NV",1.44,1.29,1.56,1.44,1.35,,0.15,-0.11,0,0.09,,2.66,0.67,1.54,1.64
39900,"Reno-Sparks, NV",1.44,1.29,1.56,1.44,1.35,,0.15,-0.11,0,0.09,,2.66,0.67,1.54,1.64
39940,"Rexburg, ID",-0.63,-0.77,-0.57,-0.39,-0.89,,0.13,-0.07,-0.24,0.26,,0.45,-1.11,-1.15,0.23
39980,"Richmond, IN",-0.32,-0.18,-0.42,-0.49,-0.53,,-0.14,0.1,0.17,0.21,,-1.44,0.48,-0.04,0.02
40060,"Richmond, VA",1.9,1.81,1.73,1.13,0.82,,0.09,0.17,0.77,1.08,,2.66,2.92,3.5,3.81
40080,"Richmond-Berea, KY",-0.24,-0.34,-0.21,#N/A,#N/A,,0.09,-0.03,#N/A,#N/A,,0.49,-0.44,#N/A,#N/A
40100,"Rio Grande City, TX",-0.85,-0.74,-0.83,-1.15,-0.9,,-0.11,-0.02,0.31,0.06,,-1.74,-0.77,-0.14,-1.03
40100,"Rio Grande City-Roma, TX",-0.85,-0.74,-0.83,-1.15,-0.9,,-0.11,-0.02,0.31,0.06,,-1.74,-0.77,-0.14,-1.03
40140,"Riverside-San Bernardino-Ontario, CA",2.86,2.75,2.79,1.91,1.89,,0.12,0.07,0.95,0.98,,3.82,3.26,4.99,4.32
40180,"Riverton, WY",-0.5,-0.48,-0.54,-0.72,-0.7,,-0.03,0.03,0.21,0.19,,-0.72,-0.2,-0.06,-0.26
40220,"Roanoke, VA",0.7,0.76,0.85,1.49,1.18,,-0.06,-0.16,-0.79,-0.48,,0.19,-0.11,-1.01,0.27
40260,"Roanoke Rapids, NC",-0.71,-0.74,-0.57,-0.68,-0.6,,0.03,-0.14,-0.04,-0.11,,-0.49,-1.51,-0.69,-0.97
40300,"Rochelle, IL",-0.98,-0.93,-0.61,-0.66,-0.92,,-0.06,-0.38,-0.32,-0.07,,-1.45,-3.13,-1.39,-0.85
40340,"Rochester, MN",0.45,0.51,0.42,0.77,0.56,,-0.06,0.03,-0.32,-0.11,,-0.03,0.73,-0.35,0.47
40380,"Rochester, NY",2.03,1.88,2.13,2.48,2.33,,0.15,-0.1,-0.45,-0.3,,3.23,1.32,1.06,1.71
40420,"Rockford, IL",1.38,1.38,1.31,1.67,1.61,,0.01,0.08,-0.28,-0.23,,1.42,1.92,0.62,1.08
40460,"Rockingham, NC",-0.83,-0.87,-0.8,-0.93,-0.73,,0.04,-0.03,0.1,-0.1,,-0.54,-0.98,-0.58,-1.21
40500,"Rockland, ME",#N/A,#N/A,0.09,-0.34,-0.29,,#N/A,#N/A,#N/A,#N/A,,#N/A,#N/A,#N/A,#N/A
40540,"Rock Springs, WY",-0.46,-0.5,-0.35,-0.62,-0.75,,0.04,-0.11,0.15,0.28,,-0.18,-1.1,-0.02,0.06
40580,"Rocky Mount, NC",-0.02,-0.17,-0.12,-0.25,-0.06,,0.14,0.1,0.23,0.04,,1.13,0.52,0.39,-0.18
40620,"Rolla, MO",-0.69,-0.61,-0.63,-0.61,-0.65,,-0.08,-0.06,-0.08,-0.04,,-1.33,-0.88,-0.85,-0.73
40660,"Rome, GA",-0.17,-0.32,-0.38,-0.05,-0.19,,0.14,0.21,-0.13,0.02,,0.99,1.01,-0.7,-0.02
40700,"Roseburg, OR",-0.18,-0.11,-0.18,-0.14,-0.17,,-0.07,0,-0.04,-0.01,,-0.76,-0.03,-0.29,-0.2
40740,"Roswell, NM",-0.52,-0.42,-0.36,-0.21,-0.42,,-0.11,-0.16,-0.32,-0.11,,-1.41,-1.34,-1.12,-0.5
40760,"Ruidoso, NM",#N/A,#N/A,-0.52,#N/A,#N/A,,#N/A,#N/A,#N/A,#N/A,,#N/A,#N/A,#N/A,#N/A
40780,"Russellville, AR",-0.19,-0.4,-0.25,0.17,-0.16,,0.21,0.06,-0.36,-0.03,,1.49,0.04,-1.12,0.08
40820,"Ruston, LA",-0.49,-0.75,-0.58,-0.47,-0.41,,0.26,0.09,-0.02,-0.08,,1.64,-0.13,-0.65,-0.69
40860,"Rutland, VT",-0.01,0.01,-0.06,-0.41,-0.21,,-0.02,0.05,0.39,0.2,,-0.22,0.36,0.83,0.06
40900,"Sacramento--Roseville--Arden-Arcade, CA",1.9,2.06,2.11,0.5,0.69,,-0.16,-0.21,1.39,1.21,,0.6,0.84,5.33,3.48
40900,"Sacramento--Arden-Arcade--Roseville, CA",1.9,2.06,2.11,0.5,0.69,,-0.16,-0.21,1.39,1.21,,0.6,0.84,5.33,3.48
40940,"Safford, AZ",-0.96,-1.06,-0.98,-0.83,-1.12,,0.1,0.02,-0.13,0.16,,-0.16,-0.89,-1.32,-0.45
40980,"Saginaw, MI",0.72,0.75,0.7,0.78,0.69,,-0.03,0.02,-0.06,0.03,,0.45,0.94,0.54,0.84
40980,"Saginaw-Saginaw Township North, MI",0.72,0.75,0.7,0.78,0.69,,-0.03,0.02,-0.06,0.03,,0.45,0.94,0.54,0.84
41060,"St. Cloud, MN",0.68,0.65,0.58,0.39,0.41,,0.03,0.1,0.3,0.27,,0.93,1.32,1.25,1.03
41100,"St. George, UT",0.67,0.59,0.44,0.21,0.13,,0.08,0.24,0.46,0.54,,1.32,2.09,1.48,1.54
41140,"St. Joseph, MO-KS",0.05,0.16,-0.01,0.36,0.31,,-0.11,0.06,-0.32,-0.27,,-0.88,0.58,-0.77,-0.32
41180,"St. Louis, MO-IL",2.65,2.58,2.6,2.26,2.12,,0.07,0.05,0.39,0.54,,3.22,2.98,3.5,3.58
41220,"St. Marys, GA",-0.92,-0.77,-0.76,-0.82,-0.89,,-0.15,-0.16,-0.1,-0.03,,-2.14,-1.67,-1.02,-0.91
41260,"St. Marys, PA",#N/A,#N/A,0.17,-0.42,-0.44,,#N/A,#N/A,#N/A,#N/A,,#N/A,#N/A,#N/A,#N/A
41420,"Salem, OR",0.88,0.93,0.97,0.83,0.9,,-0.06,-0.1,0.04,-0.03,,0.39,0.42,1.05,0.75
41460,"Salina, KS",-0.33,-0.2,-0.07,0.1,-0.01,,-0.13,-0.26,-0.43,-0.32,,-1.43,-1.72,-1.1,-0.72
41500,"Salinas, CA",0.88,1.09,0.97,1.09,1.1,,-0.21,-0.09,-0.21,-0.22,,-0.83,0.59,0.46,0.52
41540,"Salisbury, MD-DE",0.66,0.79,0.25,0.5,0.64,,-0.13,0.41,0.17,0.02,,-0.39,3.34,0.62,0.54
41540,"Salisbury, MD",0.66,0.79,0.25,0.5,0.64,,-0.13,0.41,0.17,0.02,,-0.39,3.34,0.62,0.54
41580,"Salisbury, NC",#N/A,#N/A,0.26,0.1,-0.02,,#N/A,#N/A,#N/A,#N/A,,#N/A,#N/A,#N/A,#N/A
41620,"Salt Lake City, UT",2.4,2.48,2.49,2.56,2.47,,-0.08,-0.09,-0.16,-0.07,,1.72,1.99,2.09,2.36
41660,"San Angelo, TX",0,0.07,0.17,0.41,0.32,,-0.07,-0.17,-0.41,-0.32,,-0.6,-0.87,-0.82,-0.42
41700,"San Antonio-New Braunfels, TX",2.01,1.98,2.07,3.05,3.32,,0.03,-0.07,-1.04,-1.31,,2.24,1.64,-0.39,-0.22
41700,"San Antonio, TX",2.01,1.98,2.07,3.05,3.32,,0.03,-0.07,-1.04,-1.31,,2.24,1.64,-0.39,-0.22
41740,"San Diego-Carlsbad, CA",2.76,2.81,2.81,3.03,3.03,,-0.05,-0.05,-0.27,-0.27,,2.32,2.61,2.16,2.34
41740,"San Diego-Carlsbad-San Marcos, CA",2.76,2.81,2.81,3.03,3.03,,-0.05,-0.05,-0.27,-0.27,,2.32,2.61,2.16,2.34
41780,"Sandusky, OH",-0.26,-0.23,-0.27,-0.41,-0.33,,-0.03,0.01,0.15,0.07,,-0.51,-0.1,0.05,-0.25
41820,"Sanford, NC",-0.66,-0.61,-0.55,-0.5,-0.56,,-0.05,-0.11,-0.15,-0.09,,-1.07,-1.18,-0.93,-0.76
41860,"San Francisco-Oakland-Hayward, CA",3.27,3.31,3.49,1.55,1.68,,-0.04,-0.22,1.72,1.59,,2.95,2.04,7.47,5.49
41860,"San Francisco-Oakland-Fremont, CA",3.27,3.31,3.49,1.55,1.68,,-0.04,-0.22,1.72,1.59,,2.95,2.04,7.47,5.49
41940,"San Jose-Sunnyvale-Santa Clara, CA",2.94,2.83,3.09,3.33,3.39,,0.12,-0.14,-0.38,-0.45,,3.88,2.02,2.17,2.19
42020,"San Luis Obispo-Paso Robles-Arroyo Grande, CA",0.87,0.81,1,0.91,0.83,,0.06,-0.13,-0.04,0.04,,1.32,0.1,0.87,0.99
42020,"San Luis Obispo-Paso Robles, CA",0.87,0.81,1,0.91,0.83,,0.06,-0.13,-0.04,0.04,,1.32,0.1,0.87,0.99
42060,"Santa Barbara-Santa Maria-Goleta, CA",#N/A,#N/A,1.49,1.67,1.58,,#N/A,#N/A,#N/A,#N/A,,#N/A,#N/A,#N/A,#N/A
42100,"Santa Cruz-Watsonville, CA",1.18,1.27,1.11,1.19,1.13,,-0.09,0.07,-0.01,0.05,,0.42,1.78,1.07,1.29
42140,"Santa Fe, NM",0.65,0.76,0.72,0.63,0.89,,-0.11,-0.07,0.02,-0.24,,-0.26,0.43,0.73,0.02
42220,"Santa Rosa, CA",1.39,1.47,1.46,1.62,1.59,,-0.09,-0.07,-0.24,-0.2,,0.69,1.09,0.89,1.1
42220,"Santa Rosa-Petaluma, CA",1.39,1.47,1.46,1.62,1.59,,-0.09,-0.07,-0.24,-0.2,,0.69,1.09,0.89,1.1
42260,"Sarasota-Bradenton-Venice, FL",#N/A,#N/A,1.38,0.83,0.91,,#N/A,#N/A,#N/A,#N/A,,#N/A,#N/A,#N/A,#N/A
42300,"Sault Ste. Marie, MI",-0.8,-0.78,-1.1,-0.99,-0.8,,-0.01,0.31,0.19,0,,-0.91,1.15,-0.68,-1.01
42340,"Savannah, GA",0.84,0.97,0.91,1.87,1.71,,-0.13,-0.07,-1.03,-0.88,,-0.24,0.61,-1.53,-0.34
42380,"Sayre, PA",-0.54,-0.51,-0.8,-0.9,-0.68,,-0.03,0.26,0.37,0.15,,-0.77,1.15,0.03,-0.56
42420,"Scottsbluff, NE",-0.5,-0.48,-0.52,-0.55,-0.61,,-0.01,0.03,0.05,0.11,,-0.61,-0.26,-0.44,-0.29
42460,"Scottsboro, AL",-0.98,-0.95,-1.03,-0.84,-0.88,,-0.03,0.05,-0.14,-0.11,,-1.25,-0.57,-1.39,-1.12
42500,"Scottsburg, IN",#N/A,#N/A,-1.24,-1.11,-1.05,,#N/A,#N/A,#N/A,#N/A,,#N/A,#N/A,#N/A,#N/A
42540,"Scranton--Wilkes-Barre--Hazleton, PA",1.61,1.55,1.5,1.21,1.08,,0.07,0.12,0.4,0.54,,2.15,2.32,2.41,2.53
42540,"Scranton--Wilkes-Barre, PA",1.61,1.55,1.5,1.21,1.08,,0.07,0.12,0.4,0.54,,2.15,2.32,2.41,2.53
42580,"Seaford, DE",#N/A,#N/A,0.48,-0.04,-0.13,,#N/A,#N/A,#N/A,#N/A,,#N/A,#N/A,#N/A,#N/A
42620,"Searcy, AR",-0.39,-0.51,-0.6,-0.63,-0.49,,0.12,0.21,0.24,0.1,,0.56,0.8,-0.07,-0.41
42660,"Seattle-Tacoma-Bellevue, WA",2.87,2.89,2.94,1.49,1.65,,-0.02,-0.07,1.37,1.22,,2.68,2.55,6.12,4.51
42680,"Sebastian-Vero Beach, FL",0.5,0.6,0.45,#N/A,#N/A,,-0.1,0.06,#N/A,#N/A,,-0.32,1,#N/A,#N/A
42700,"Sebring, FL",-0.22,-0.13,-0.16,-0.09,-0.35,,-0.09,-0.06,-0.12,0.14,,-0.93,-0.4,-0.47,0.23
42740,"Sedalia, MO",-0.79,-0.61,-0.85,-0.73,-0.78,,-0.18,0.05,-0.06,-0.02,,-2.26,-0.22,-1.02,-0.8
42780,"Selinsgrove, PA",-0.38,-0.28,-0.76,-0.65,-0.66,,-0.09,0.39,0.27,0.29,,-1.14,2.12,-0.15,0.04
42820,"Selma, AL",-1,-0.99,-0.85,-0.95,-1,,-0.01,-0.16,-0.06,0,,-1.13,-1.86,-1.01,-0.97
42860,"Seneca, SC",-0.4,-0.5,-0.44,-0.34,-0.53,,0.1,0.03,-0.07,0.13,,0.38,-0.23,-0.62,-0.05
42900,"Seneca Falls, NY",-0.57,-0.6,-0.55,-0.87,-0.88,,0.03,-0.02,0.3,0.31,,-0.34,-0.64,0.13,-0.11
42940,"Sevierville, TN",0.29,0.44,0.29,0.37,0.37,,-0.15,0,-0.08,-0.09,,-0.96,0.5,0.07,0.13
42980,"Seymour, IN",-0.85,-0.88,-0.78,-0.84,-0.75,,0.02,-0.07,-0.01,-0.1,,-0.66,-1.24,-0.82,-1.11
43060,"Shawnee, OK",-0.62,-0.47,-0.61,-0.75,-0.62,,-0.14,0,0.13,0,,-1.79,-0.41,-0.33,-0.77
43100,"Sheboygan, WI",0.15,0.19,0.25,-0.07,-0.02,,-0.04,-0.1,0.21,0.17,,-0.21,-0.35,0.72,0.33
43140,"Shelby, NC",-0.22,-0.16,-0.25,-0.24,-0.33,,-0.06,0.02,0.02,0.1,,-0.72,0.03,-0.22,-0.01
43180,"Shelbyville, TN",-0.76,-0.84,-0.74,-1.02,-0.74,,0.08,-0.02,0.26,-0.03,,-0.14,-0.92,-0.16,-1.11
43220,"Shelton, WA",-0.62,-0.64,-0.61,-0.66,-0.49,,0.01,-0.02,0.04,-0.13,,-0.51,-0.67,-0.55,-1.01
43260,"Sheridan, WY",-0.43,-0.52,-0.48,-0.71,-0.5,,0.09,0.05,0.28,0.06,,0.27,-0.17,0.15,-0.57
43300,"Sherman-Denison, TX",-0.15,-0.07,-0.02,0,-0.04,,-0.08,-0.12,-0.15,-0.1,,-0.77,-0.75,-0.39,-0.28
43340,"Shreveport-Bossier City, LA",0.86,0.79,0.83,0.85,0.9,,0.07,0.03,0.01,-0.04,,1.42,1.02,0.83,0.73
43380,"Sidney, OH",-0.6,-0.53,-0.54,-0.59,-0.12,,-0.07,-0.06,-0.01,-0.48,,-1.17,-0.81,-0.59,-1.82
43420,"Sierra Vista-Douglas, AZ",-0.15,-0.14,0.07,-0.18,-0.28,,-0.01,-0.23,0.03,0.13,,-0.25,-1.44,0.12,0.11
43460,"Sikeston, MO",-0.68,-0.82,-0.6,-0.64,-0.68,,0.13,-0.08,-0.04,0,,0.41,-1.24,-0.72,-0.66
43500,"Silver City, NM",-0.86,-1.01,-0.77,-0.87,-0.86,,0.15,-0.09,0.01,0,,0.34,-1.48,-0.78,-0.9
43540,"Silverthorne, CO",#N/A,#N/A,0.15,0.19,0.33,,#N/A,#N/A,#N/A,#N/A,,#N/A,#N/A,#N/A,#N/A
43580,"Sioux City, IA-NE-SD",0.49,0.3,0.42,0.85,0.9,,0.18,0.07,-0.36,-0.41,,1.97,0.81,-0.46,-0.2
43620,"Sioux Falls, SD",1.01,0.92,1.01,1.67,1.6,,0.08,0,-0.67,-0.59,,1.68,0.97,-0.58,0.18
43660,"Snyder, TX",-0.88,-0.9,-0.95,-1.39,-0.84,,0.02,0.07,0.51,-0.04,,-0.72,-0.41,0.21,-1.52
43700,"Somerset, KY",-0.55,-0.51,-0.45,-0.52,-0.59,,-0.04,-0.1,-0.02,0.04,,-0.89,-1.03,-0.53,-0.45
43740,"Somerset, PA",-0.37,-0.45,-0.24,-0.45,-0.58,,0.09,-0.13,0.08,0.22,,0.32,-1.17,-0.07,0.07
43780,"South Bend-Mishawaka, IN-MI",1.02,0.96,1.05,1.41,1.52,,0.06,-0.02,-0.39,-0.5,,1.51,0.89,0.11,0.15
43860,"Southern Pines-Pinehurst, NC",#N/A,#N/A,-0.2,-0.16,-0.12,,#N/A,#N/A,#N/A,#N/A,,#N/A,#N/A,#N/A,#N/A
43900,"Spartanburg, SC",1.29,1.04,0.97,0.98,0.81,,0.25,0.31,0.31,0.47,,3.29,2.99,1.67,2.13
43940,"Spearfish, SD",-0.36,-0.62,-0.59,-0.72,-0.77,,0.26,0.22,0.36,0.4,,1.73,0.79,0.22,0.26
43980,"Spencer, IA",-0.95,-0.82,-0.76,-0.85,-0.77,,-0.13,-0.18,-0.1,-0.18,,-2,-1.86,-1.02,-1.31
44020,"Spirit Lake, IA",-0.72,-0.66,-0.89,-0.72,-0.56,,-0.06,0.17,0,-0.16,,-1.19,0.44,-0.91,-1.14
44060,"Spokane-Spokane Valley, WA",1.32,1.41,1.44,1.47,1.5,,-0.1,-0.12,-0.16,-0.18,,0.53,0.75,1.05,1
44060,"Spokane, WA",1.32,1.41,1.44,1.47,1.5,,-0.1,-0.12,-0.16,-0.18,,0.53,0.75,1.05,1
44100,"Springfield, IL",0.62,0.64,0.73,1.38,1.25,,-0.02,-0.11,-0.76,-0.63,,0.44,0.07,-1.07,-0.2
44140,"Springfield, MA",1.55,1.54,1.75,0.79,1.34,,0,-0.2,0.76,0.21,,1.57,0.39,3.49,1.28
44180,"Springfield, MO",1.26,1.17,1.34,2.23,2.08,,0.09,-0.08,-0.96,-0.81,,2,0.77,-0.93,0.18
44220,"Springfield, OH",0.05,0.15,0.16,-0.03,0.25,,-0.1,-0.12,0.08,-0.2,,-0.77,-0.48,0.33,-0.56
44260,"Starkville, MS",-0.75,-0.87,-0.71,-0.8,-0.88,,0.12,-0.04,0.05,0.13,,0.2,-1.02,-0.62,-0.5
44300,"State College, PA",0.49,0.41,0.32,0.18,0.2,,0.08,0.17,0.31,0.29,,1.1,1.51,1.01,0.87
44340,"Statesboro, GA",-0.65,-0.66,-0.39,-0.49,-0.47,,0.01,-0.26,-0.17,-0.19,,-0.59,-2.19,-0.8,-0.97
44380,"Statesville-Mooresville, NC",#N/A,#N/A,0.47,0.58,0.5,,#N/A,#N/A,#N/A,#N/A,,#N/A,#N/A,#N/A,#N/A
44420,"Staunton-Waynesboro, VA",0.02,-0.22,-0.19,-0.88,-0.84,,0.24,0.21,0.9,0.86,,1.92,1.09,1.88,1.23
44500,"Stephenville, TX",-0.77,-0.78,-0.83,-0.77,-0.86,,0.01,0.06,0,0.1,,-0.71,-0.36,-0.85,-0.55
44540,"Sterling, CO",-1.28,-1.29,-1.19,-1.27,-1.2,,0.01,-0.08,0,-0.08,,-1.16,-1.73,-1.23,-1.48
44580,"Sterling, IL",-0.65,-0.45,-0.37,-0.81,-0.54,,-0.21,-0.28,0.15,-0.11,,-2.32,-2.08,-0.03,-1.1
44620,"Stevens Point, WI",-0.26,-0.34,-0.17,-0.56,-0.48,,0.08,-0.09,0.3,0.22,,0.38,-0.79,0.49,-0.04
44660,"Stillwater, OK",-0.32,-0.31,-0.33,-0.34,-0.48,,-0.01,0.01,0.02,0.16,,-0.41,-0.19,-0.31,0.03
44700,"Stockton-Lodi, CA",1.27,1.21,1.38,1.56,1.47,,0.06,-0.1,-0.28,-0.19,,1.78,0.66,0.69,1.05
44700,"Stockton, CA",1.27,1.21,1.38,1.56,1.47,,0.06,-0.1,-0.28,-0.19,,1.78,0.66,0.69,1.05
44740,"Storm Lake, IA",-1.06,-1.06,-1.27,-1.04,-1.15,,0,0.21,-0.02,0.09,,-1.04,0.28,-1.34,-0.84
44780,"Sturgis, MI",-0.47,-0.6,-0.47,-0.65,-0.58,,0.13,0,0.18,0.11,,0.61,-0.54,-0.07,-0.38
44860,"Sulphur Springs, TX",-0.91,-0.81,-0.93,-1.01,-0.87,,-0.09,0.02,0.1,-0.04,,-1.67,-0.61,-0.72,-1.12
44900,"Summerville, GA",-1.37,-1.53,-1.28,-1.2,-1.2,,0.16,-0.09,-0.17,-0.18,,-0.1,-2.01,-1.72,-1.66
44940,"Sumter, SC",-0.45,-0.45,-0.39,-0.48,-0.34,,0,-0.06,0.03,-0.11,,-0.42,-0.73,-0.34,-0.77
44980,"Sunbury, PA",-0.53,-0.42,-0.4,-0.69,-0.61,,-0.11,-0.14,0.16,0.08,,-1.46,-1.17,-0.05,-0.52
45000,"Susanville, CA",-1.12,-1.24,-1.01,#N/A,#N/A,,0.12,-0.11,#N/A,#N/A,,-0.18,-1.81,#N/A,#N/A
45020,"Sweetwater, TX",-1.2,-1.16,-1.35,-1.32,-1.25,,-0.04,0.15,0.12,0.05,,-1.57,-0.19,-1.1,-1.21
45060,"Syracuse, NY",1.66,1.61,1.62,1.45,1.4,,0.05,0.04,0.21,0.27,,2.06,1.92,2.1,2.09
45140,"Tahlequah, OK",-0.93,-0.91,-0.57,-0.92,-0.86,,-0.02,-0.35,-0.01,-0.07,,-1.08,-2.98,-0.62,-1.13
45180,"Talladega-Sylacauga, AL",-0.66,-0.74,-0.51,-0.69,-0.49,,0.09,-0.15,0.03,-0.17,,0.03,-1.59,-0.47,-1.13
45220,"Tallahassee, FL",0.99,0.98,1.11,2.5,2.32,,0.01,-0.12,-1.52,-1.33,,1.03,0.32,-2.45,-0.83
45260,"Tallulah, LA",#N/A,#N/A,-1.14,-1.04,-1.25,,#N/A,#N/A,#N/A,#N/A,,#N/A,#N/A,#N/A,#N/A
45300,"Tampa-St. Petersburg-Clearwater, FL",2.59,2.56,2.36,0.81,0.73,,0.02,0.23,1.78,1.86,,2.76,4,6.48,5.41
45340,"Taos, NM",-0.24,-0.49,-0.31,-0.45,-0.33,,0.25,0.08,0.21,0.09,,1.8,0.03,0.15,-0.24
45380,"Taylorville, IL",-1.21,-1.13,-0.8,-0.87,-0.94,,-0.08,-0.4,-0.34,-0.27,,-1.84,-3.48,-1.62,-1.56
45460,"Terre Haute, IN",0.04,0.11,0.16,1.07,1.2,,-0.06,-0.12,-1.02,-1.16,,-0.49,-0.55,-2.25,-1.84
45500,"Texarkana, TX-AR",0.1,0.12,0.11,0.06,0.3,,-0.03,-0.02,0.04,-0.2,,-0.13,0.09,0.18,-0.46
45500,"Texarkana, TX-Texarkana, AR",0.1,0.12,0.11,0.06,0.3,,-0.03,-0.02,0.04,-0.2,,-0.13,0.09,0.18,-0.46
45540,"The Villages, FL",-0.38,-0.49,-0.32,-0.6,-0.61,,0.11,-0.06,0.22,0.22,,0.47,-0.8,0.16,-0.07
45580,"Thomaston, GA",-1.36,-1.35,-1.16,-0.97,-1.04,,-0.02,-0.2,-0.39,-0.32,,-1.49,-2.51,-2.1,-1.78
45620,"Thomasville, GA",-0.53,-0.65,-0.87,-0.54,-0.52,,0.12,0.34,0.01,-0.01,,0.43,1.48,-0.86,-0.58
45640,"Thomasville-Lexington, NC",#N/A,#N/A,0.46,#N/A,#N/A,,#N/A,#N/A,#N/A,#N/A,,#N/A,#N/A,#N/A,#N/A
45660,"Tiffin, OH",-0.71,-0.73,-0.71,-0.58,-0.56,,0.02,0.01,-0.13,-0.14,,-0.53,-0.63,-1.05,-0.96
45700,"Tifton, GA",-0.5,-0.69,-0.57,-0.33,-0.35,,0.2,0.08,-0.17,-0.14,,1.09,-0.16,-0.99,-0.71
45740,"Toccoa, GA",-0.95,-0.95,-0.97,-0.58,-0.75,,0,0.02,-0.37,-0.2,,-0.97,-0.75,-1.86,-1.09
45780,"Toledo, OH",1.6,1.65,1.63,1.57,1.06,,-0.05,-0.03,0.03,0.54,,1.18,1.54,1.68,2.88
45820,"Topeka, KS",0.38,0.35,0.4,1.42,1.51,,0.03,-0.02,-1.04,-1.12,,0.64,0.31,-2.05,-1.4
45860,"Torrington, CT",0.72,0.78,0.83,0.46,0.49,,-0.06,-0.11,0.26,0.23,,0.2,0.21,1.4,1.01
45900,"Traverse City, MI",0.67,0.56,0.53,1.22,1.49,,0.11,0.13,-0.55,-0.82,,1.52,1.43,-0.78,-0.85
45940,"Trenton, NJ",1.64,1.67,1.63,1.71,1.64,,-0.03,0.01,-0.07,-0.01,,1.38,1.79,1.43,1.67
45940,"Trenton-Ewing, NJ",1.64,1.67,1.63,1.71,1.64,,-0.03,0.01,-0.07,-0.01,,1.38,1.79,1.43,1.67
45980,"Troy, AL",-1.03,-1.14,-1.06,-1.1,-1.03,,0.11,0.03,0.07,0,,-0.16,-0.88,-0.92,-1.13
46020,"Truckee-Grass Valley, CA",0.48,0.32,0.46,0.37,0.45,,0.17,0.02,0.11,0.03,,1.83,0.53,0.7,0.43
46060,"Tucson, AZ",1.56,1.49,1.69,1.45,1.48,,0.08,-0.13,0.11,0.08,,2.17,0.79,1.92,1.62
46100,"Tullahoma-Manchester, TN",-0.28,-0.43,-0.25,-0.69,-0.36,,0.16,-0.03,0.42,0.09,,1,-0.53,0.7,-0.5
46100,"Tullahoma, TN",-0.28,-0.43,-0.25,-0.69,-0.36,,0.16,-0.03,0.42,0.09,,1,-0.53,0.7,-0.5
46140,"Tulsa, OK",1.94,1.86,1.99,2.26,2.45,,0.09,-0.04,-0.32,-0.51,,2.65,1.66,1.22,0.97
46180,"Tupelo, MS",0.53,0.46,0.51,0.87,0.93,,0.07,0.02,-0.34,-0.4,,1.1,0.68,-0.3,-0.14
46220,"Tuscaloosa, AL",0.22,0.27,0.33,0.94,0.74,,-0.05,-0.11,-0.73,-0.52,,-0.18,-0.33,-1.39,-0.37
46260,"Tuskegee, AL",#N/A,#N/A,-1.49,-1.19,-1.36,,#N/A,#N/A,#N/A,#N/A,,#N/A,#N/A,#N/A,#N/A
46300,"Twin Falls, ID",0.12,0.2,0.08,0.11,-0.04,,-0.08,0.04,0,0.16,,-0.53,0.5,0.06,0.49
46340,"Tyler, TX",0.55,0.68,0.67,1.02,0.9,,-0.13,-0.12,-0.48,-0.35,,-0.51,0.02,-0.47,0.14
46380,"Ukiah, CA",0.03,0.16,0.05,0.1,0.18,,-0.14,-0.02,-0.07,-0.15,,-1.08,0.11,-0.15,-0.3
46420,"Union, SC",#N/A,#N/A,-1.46,-1.26,-1.3,,#N/A,#N/A,#N/A,#N/A,,#N/A,#N/A,#N/A,#N/A
46460,"Union City, TN-KY",-1.02,-0.96,-0.9,-0.91,-0.75,,-0.06,-0.12,-0.11,-0.27,,-1.51,-1.59,-1.18,-1.59
46500,"Urbana, OH",-1.03,-1.06,-1.14,-0.96,-1,,0.03,0.1,-0.07,-0.03,,-0.82,-0.36,-1.33,-1.07
46540,"Utica-Rome, NY",0.8,0.88,0.7,0.49,0.32,,-0.09,0.1,0.31,0.48,,0.1,1.54,1.39,1.66
46620,"Uvalde, TX",-0.89,-0.64,-0.91,-0.65,-1.2,,-0.26,0.01,-0.24,0.31,,-2.99,-0.5,-1.49,0.08
46660,"Valdosta, GA",0.02,0.02,0.01,0.85,0.61,,0,0.01,-0.83,-0.59,,0.01,0.14,-1.97,-0.64
46700,"Vallejo-Fairfield, CA",0.88,0.66,0.96,1,1.09,,0.22,-0.08,-0.12,-0.21,,2.64,0.25,0.65,0.46
46740,"Valley, AL",-1.08,-1.35,-1.07,-1.06,-1.19,,0.27,-0.01,-0.02,0.11,,1.09,-1.35,-1.14,-0.82
46780,"Van Wert, OH",-1.16,-1.09,-1.16,-1.09,-1.17,,-0.08,-0.01,-0.08,0.01,,-1.79,-1.05,-1.36,-1.09
46820,"Vermillion, SD",-1.29,-1.48,-1.28,-1.24,-1,,0.2,-0.01,-0.04,-0.28,,0.29,-1.45,-1.41,-1.97
46860,"Vernal, UT",-0.5,-0.22,-0.37,-0.77,-0.84,,-0.28,-0.13,0.28,0.35,,-2.79,-0.92,0.25,0.06
46900,"Vernon, TX",-1.44,-1.64,-1.08,-1.29,-1.18,,0.19,-0.36,-0.16,-0.26,,0.13,-3.74,-1.47,-1.96
46980,"Vicksburg, MS",-0.42,-0.58,-0.49,-0.59,-0.53,,0.16,0.07,0.17,0.11,,0.85,-0.11,-0.13,-0.32
47020,"Victoria, TX",0.03,0.1,0.04,0.63,0.69,,-0.07,-0.01,-0.59,-0.66,,-0.52,0.12,-1.38,-1.04
47080,"Vidalia, GA",-1.01,-0.98,-0.97,#N/A,#N/A,,-0.03,-0.04,#N/A,#N/A,,-1.27,-1.17,#N/A,#N/A
47180,"Vincennes, IN",-0.83,-0.66,-0.7,-0.71,-0.74,,-0.17,-0.13,-0.12,-0.09,,-2.21,-1.38,-1.01,-0.96
47220,"Vineland-Bridgeton, NJ",0.26,0.18,0.28,0.04,0.22,,0.08,-0.02,0.23,0.04,,0.92,0.14,0.78,0.13
47220,"Vineland-Millville-Bridgeton, NJ",0.26,0.18,0.28,0.04,0.22,,0.08,-0.02,0.23,0.04,,0.92,0.14,0.78,0.13
47260,"Virginia Beach-Norfolk-Newport News, VA-NC",1.59,1.51,1.69,0.97,1.25,,0.07,-0.1,0.62,0.33,,2.17,0.98,3.1,1.78
47300,"Visalia-Porterville, CA",0.62,0.83,0.68,0.67,0.79,,-0.21,-0.06,-0.05,-0.18,,-1.09,0.54,0.52,0.21
47340,"Wabash, IN",-0.97,-0.97,-0.91,-1.02,-0.99,,0.01,-0.06,0.06,0.03,,-0.92,-1.24,-0.81,-0.98
47380,"Waco, TX",0.7,0.61,0.65,1.01,0.78,,0.09,0.05,-0.31,-0.08,,1.44,0.97,-0.11,0.79
47420,"Wahpeton, ND-MN",-1.03,-1.05,-0.96,-0.91,-1.18,,0.03,-0.06,-0.11,0.15,,-0.8,-1.37,-1.25,-0.55
47460,"Walla Walla, WA",-0.39,-0.4,-0.35,-0.34,-0.45,,0,-0.04,-0.05,0.06,,-0.38,-0.57,-0.5,-0.21
47500,"Walterboro, SC",#N/A,#N/A,-1.05,-1.02,-0.86,,#N/A,#N/A,#N/A,#N/A,,#N/A,#N/A,#N/A,#N/A
47540,"Wapakoneta, OH",-0.54,-0.39,-0.51,-0.48,-0.73,,-0.15,-0.03,-0.06,0.2,,-1.74,-0.48,-0.67,-0.01
47580,"Warner Robins, GA",0.19,0.13,0.06,0.04,0.05,,0.06,0.12,0.15,0.14,,0.64,0.94,0.38,0.36
47620,"Warren, PA",-0.73,-0.72,-1,-0.56,-0.82,,-0.01,0.27,-0.17,0.09,,-0.84,0.97,-1.43,-0.36
47660,"Warrensburg, MO",-0.89,-0.97,-0.88,-0.84,-0.76,,0.08,-0.01,-0.06,-0.13,,-0.29,-0.96,-1.04,-1.18
47700,"Warsaw, IN",-0.03,0.2,0.21,-0.19,-0.18,,-0.23,-0.24,0.16,0.15,,-1.86,-1.21,0.56,0.17
47780,"Washington, IN",-0.74,-0.72,-0.72,-0.97,-0.74,,-0.01,-0.02,0.23,0,,-0.86,-0.78,-0.21,-0.98
47820,"Washington, NC",-0.54,-0.26,-0.54,-0.64,-0.74,,-0.27,0,0.1,0.21,,-2.75,-0.17,-0.33,-0.14
47860,"Washington, OH",#N/A,#N/A,-0.68,-0.86,-0.57,,#N/A,#N/A,#N/A,#N/A,,#N/A,#N/A,#N/A,#N/A
47900,"Washington-Arlington-Alexandria, DC-VA-MD-WV",2.32,2.53,2.7,2.58,2.41,,-0.22,-0.38,-0.27,-0.09,,0.54,0.29,2.05,2.33
47940,"Waterloo-Cedar Falls, IA",0.29,0.34,0.58,0.59,0.54,,-0.05,-0.28,-0.3,-0.25,,-0.13,-1.29,-0.15,-0.05
47980,"Watertown, SD",-0.6,-0.68,-0.69,-0.99,-0.73,,0.08,0.09,0.39,0.12,,0.06,-0.06,0.2,-0.71
48020,"Watertown-Fort Atkinson, WI",-0.13,-0.06,-0.01,-0.25,-0.3,,-0.07,-0.12,0.11,0.17,,-0.75,-0.72,0.23,0.15
48060,"Watertown-Fort Drum, NY",0.03,0.14,0.08,0.18,-0.08,,-0.11,-0.05,-0.15,0.11,,-0.9,-0.1,-0.3,0.45
48100,"Wauchula, FL",-0.84,-1.27,-0.77,-1.01,-1.39,,0.43,-0.08,0.17,0.55,,2.61,-1.66,-0.4,0.34
48140,"Wausau, WI",0.5,0.57,0.59,0.4,0.33,,-0.07,-0.09,0.1,0.18,,-0.04,0.1,0.81,0.81
48180,"Waycross, GA",-0.76,-0.82,-0.65,-0.7,-0.28,,0.06,-0.11,-0.06,-0.48,,-0.29,-1.44,-0.81,-1.92
48260,"Weirton-Steubenville, WV-OH",-0.32,-0.38,-0.14,-0.07,-0.05,,0.05,-0.18,-0.26,-0.28,,0.11,-1.38,-0.77,-0.78
48300,"Wenatchee, WA",0.11,0.02,0.16,0.31,0.25,,0.09,-0.05,-0.2,-0.14,,0.85,-0.23,-0.33,-0.06
48340,"West Helena, AR",#N/A,#N/A,-0.94,-1.12,-1.08,,#N/A,#N/A,#N/A,#N/A,,#N/A,#N/A,#N/A,#N/A
48460,"West Plains, MO",-0.51,-0.08,-0.64,-0.78,-0.69,,-0.43,0.13,0.27,0.18,,-4,0.76,-0.03,-0.35
48500,"West Point, MS",#N/A,#N/A,-1.39,#N/A,#N/A,,#N/A,#N/A,#N/A,#N/A,,#N/A,#N/A,#N/A,#N/A
48540,"Wheeling, WV-OH",0.09,-0.06,0.05,0.27,0.31,,0.16,0.04,-0.18,-0.22,,1.37,0.26,-0.39,-0.29
48580,"Whitewater-Elkhorn, WI",0.11,0.21,0.09,0.02,0.02,,-0.1,0.02,0.1,0.09,,-0.69,0.39,0.29,0.21
48580,"Whitewater, WI",0.11,0.21,0.09,0.02,0.02,,-0.1,0.02,0.1,0.09,,-0.69,0.39,0.29,0.21
48620,"Wichita, KS",1.25,1.26,1.23,2.39,2.46,,-0.01,0.02,-1.14,-1.21,,1.15,1.44,-1.44,-0.63
48660,"Wichita Falls, TX",0.14,0.15,0.21,0.6,0.81,,-0.01,-0.07,-0.46,-0.66,,0.03,-0.18,-0.9,-1.07
48700,"Williamsport, PA",-0.01,0.05,-0.07,0.01,0.05,,-0.06,0.05,-0.02,-0.07,,-0.5,0.44,-0.14,-0.18
48740,"Willimantic, CT",#N/A,#N/A,0.01,-0.42,-0.25,,#N/A,#N/A,#N/A,#N/A,,#N/A,#N/A,#N/A,#N/A
48780,"Williston, ND",-0.08,-0.12,-0.69,-0.83,-0.65,,0.04,0.61,0.75,0.57,,0.23,3.63,1.02,0.56
48820,"Willmar, MN",-0.58,-0.44,-0.46,-0.45,-0.56,,-0.13,-0.12,-0.12,-0.02,,-1.65,-1.07,-0.78,-0.51
48900,"Wilmington, NC",0.91,0.89,0.88,0.93,1.15,,0.02,0.03,-0.02,-0.24,,1.03,1.16,0.8,0.31
48940,"Wilmington, OH",-1.03,-1.13,-0.84,-1.02,-1,,0.1,-0.2,-0.01,-0.04,,-0.25,-2.25,-0.89,-1.13
48980,"Wilson, NC",-0.14,-0.13,0.02,-0.28,-0.28,,-0.01,-0.16,0.14,0.15,,-0.21,-1.01,0.33,0.07
49020,"Winchester, VA-WV",0.02,0.04,0.01,0.07,-0.18,,-0.02,0.02,-0.05,0.21,,-0.15,0.21,-0.14,0.57
49060,"Winfield, KS",#N/A,#N/A,-0.81,-0.86,-0.98,,#N/A,#N/A,#N/A,#N/A,,#N/A,#N/A,#N/A,#N/A
49100,"Winona, MN",-0.47,-0.52,-0.53,-0.76,-0.66,,0.05,0.06,0.29,0.19,,-0.07,-0.07,0.12,-0.31
49180,"Winston-Salem, NC",1.51,1.57,1.19,2.41,2.14,,-0.06,0.32,-0.9,-0.62,,1.03,3.58,-0.94,0.84
49260,"Woodward, OK",-1.02,-0.82,-0.93,-0.92,-0.81,,-0.19,-0.08,-0.09,-0.2,,-2.6,-1.26,-1.17,-1.46
49300,"Wooster, OH",0.19,0.28,0.07,0.02,-0.02,,-0.09,0.11,0.17,0.2,,-0.56,1.03,0.45,0.5
49340,"Worcester, MA-CT",2.22,2.06,2.03,2.03,2.04,,0.16,0.2,0.19,0.18,,3.52,3.31,2.45,2.45
49340,"Worcester, MA",2.22,2.06,2.03,2.03,2.04,,0.16,0.2,0.19,0.18,,3.52,3.31,2.45,2.45
49380,"Worthington, MN",-0.97,-0.98,-0.89,-0.85,-0.83,,0.01,-0.09,-0.12,-0.14,,-0.92,-1.43,-1.19,-1.22
49420,"Yakima, WA",0.5,0.59,0.44,0.43,0.44,,-0.08,0.06,0.07,0.06,,-0.19,1.01,0.59,0.55
49460,"Yankton, SD",-0.87,-1.01,-0.79,-0.98,-0.84,,0.14,-0.08,0.11,-0.03,,0.23,-1.4,-0.57,-1.07
49540,"Yazoo City, MS",#N/A,#N/A,-1.42,-1.11,-0.89,,#N/A,#N/A,#N/A,#N/A,,#N/A,#N/A,#N/A,#N/A
49620,"York-Hanover, PA",1.22,1.18,1.18,1.37,1.35,,0.03,0.03,-0.15,-0.14,,1.48,1.46,0.8,1.01
49660,"Youngstown-Warren-Boardman, OH-PA",1.44,1.22,1.26,0.32,0.52,,0.22,0.19,1.12,0.93,,3.24,2.41,3.85,2.6
49700,"Yuba City, CA",0.09,0.07,-0.08,-0.51,-0.21,,0.02,0.17,0.6,0.3,,0.23,1.15,1.3,0.2
49740,"Yuma, AZ",0.07,0.04,0.16,-0.05,0.08,,0.02,-0.09,0.12,-0.01,,0.24,-0.45,0.41,-0.1
49780,"Zanesville, OH",-0.32,-0.28,-0.43,-0.3,-0.28,,-0.04,0.1,-0.02,-0.04,,-0.67,0.42,-0.51,-0.43
,,,,,,,,,,,,,,,,
,,,,,,,,0.000890598,-0.01127707,0.010696856,0.008713447,,,,,
,,,,,,,,0.123325006,0.165906689,0.428445313,0.401929823,,,,,